iso_a3,year,gdp_per_capita,life_expectancy,population,unemployment_rate,rd_expenditure,health_expenditure,renewable_energy_pct,inflation_rate,exports_pct_gdp,country_name,region,pop_millions,gdp_total_billions
ALB,2000,1160.42047054038,74.826,3089027,19.023,0.08411,5.87429667,96.1490163248221,0.0500181363468103,19.5304708980011,Albania,Europa del Este,3.089027,3.584570164851938
ALB,2001,1326.41652388077,75.083,3060173,18.57,0.08411,5.8561573,95.3120643431635,3.10758827031435,20.6135666190169,Albania,Europa del Este,3.060173,4.0590640331337875
ALB,2002,1479.83884572006,75.299,3051010,17.891,0.08411,5.59802675,93.9612092027822,7.77052583431551,20.1711859333135,Albania,Europa del Este,3.05101,4.51500311668036
ALB,2003,1908.69900687608,75.557,3039616,16.985,0.08411,5.84188986,97.8619791666667,0.484002611818503,20.1638803786461,Albania,Europa del Este,3.039616,5.801712040484643
ALB,2004,2446.90949947798,75.951,3026939,16.306,0.08411,5.82433939,97.5074919728862,2.28001916938099,21.5517522222215,Albania,Europa del Este,3.026939,7.406645793440377
ALB,2005,2741.72136549578,76.427,3011487,15.966,0.08411,5.6621623,98.7189050156164,2.36658195679795,22.4427818397267,Albania,Europa del Este,3.011487,8.25665824981279
ALB,2006,3057.77257038113,76.994,2992547,15.626,0.08411,5.56553745,98.3213251267198,2.37072831904284,24.5085919324007,Albania,Europa del Este,2.992547,9.15052813217634
ALB,2007,3743.05529896187,77.691,2970017,15.966,0.08411,5.85639858,97.491958041958,2.93268248162317,27.1308199124046,Albania,Europa del Este,2.970017,11.116937869856836
ALB,2008,4498.50486763601,78.248,2947314,13.06,0.14973,5.44421673,97.491958041958,3.32087090389275,24.5826619203536,Albania,Europa del Este,2.947314,13.25850637545176
ALB,2009,4213.65007574693,78.509,2927519,13.674,0.14973,5.75751925,99.9886582083814,2.26692209450826,24.644624460972,Albania,Europa del Este,2.927519,12.335540656100578
ALB,2010,4149.14469936847,78.414,2913021,14.086,0.14973,6.16333199,99.9939217758985,3.6271009151748,27.6099296701047,Albania,Europa del Este,2.913021,12.086545641299042
ALB,2011,4465.70914328865,78.303,2905195,13.481,0.14973,6.11026192,98.6105941302792,3.42807130141501,29.0544738022633,Albania,Europa del Este,2.905195,12.97375587453647
ALB,2012,4280.93316338873,78.084,2860708,13.376,0.14973,6.08504725,98.6105941302792,2.03159268395296,29.1107709360814,Albania,Europa del Este,2.860708,12.246499747971445
ALB,2013,4542.92903556739,77.995,2816902,15.866,0.14973,6.20897436,98.6105941302792,1.93762080205223,28.8694020076469,Albania,Europa del Este,2.816902,12.796985886147851
ALB,2014,4793.59751131525,78.029,2773767,18.055,0.14973,6.35884142,98.6105941302792,1.62586504402614,28.0683434875498,Albania,Europa del Este,2.773767,13.296322588168367
ALB,2015,4199.53912925398,78.358,2731293,17.193,0.14973,6.38810158,98.6105941302792,1.89617402592356,27.0693224620319,Albania,Europa del Este,2.731293,11.470171826957491
ALB,2016,4457.63412207495,78.643,2689469,15.418,0.14973,6.65018797,98.6105941302792,1.27543168367423,28.6697931741608,Albania,Europa del Este,2.689469,11.988668784662794
ALB,2017,5006.36012951959,78.9,2648285,13.616,0.14973,6.50111914,98.6105941302792,1.98666133171194,31.0017957888583,Albania,Europa del Este,2.648285,13.258268435604787
ALB,2018,5897.65452588774,79.238,2607733,12.304,0.14973,6.59002447,98.6105941302792,2.02805963071135,31.1140135421951,Albania,Europa del Este,2.607733,15.379508329756815
ALB,2019,6069.43903131027,79.467,2567801,11.466,0.14973,6.78144073,98.6105941302792,1.41109078954242,30.9361224858484,Albania,Europa del Este,2.567801,15.585111614037544
ALB,2020,6027.91350716348,77.824,2528480,11.639,0.14973,7.46513748,98.6105941302792,1.62088661717021,22.5407585558933,Albania,Europa del Este,2.52848,15.241458744592716
ALB,2021,7242.45513146613,76.844,2489762,11.474,0.18998,7.35750389,98.6105941302792,2.04147163139545,31.1330562572669,Albania,Europa del Este,2.489762,18.031989573029378
ALB,2022,7756.96188744253,78.769,2451636,10.785,0.19997,7.53646231,98.6105941302792,6.72520271530059,37.1970755614977,Albania,Europa del Este,2.451636,19.017247013882052
ALB,2023,9740.7023414631,79.602,2411658,10.669,0.19997,7.05240345,98.6105941302792,4.75834555150038,38.4188212901288,Albania,Europa del Este,2.411658,23.491242727408217
ALB,2024,11374.0085781236,79.776,2377128,10.689,0.19997,7.05240345,98.6105941302792,2.21587375089992,36.2848685351465,Albania,Europa del Este,2.377128,27.037474263297796
AUT,2000,24487.2974685956,78.1268292682927,8011566,4.687,1.89667,9.38934517,73.1627895587443,2.34486285357281,43.591091462861,Austria,Europa Occidental,8.011566,196.18159983128655
AUT,2001,24430.495982841,78.5756097560976,8042293,4.007,2.00257,9.45243549,69.8400294640427,2.65000077279529,44.8518101806208,Austria,Europa Occidental,8.042293,196.4772068293303
AUT,2002,26334.862215032,78.6780487804878,8081957,4.852,2.0811,9.59139919,69.9014384230148,1.81035787764129,45.6510533943756,Austria,Europa Occidental,8.081957,212.8372240228134
AUT,2003,32110.1159661425,78.6317073170732,8121423,4.779,2.18701,9.69844246,62.1369528367734,1.35555370896445,44.8257225915126,Austria,Europa Occidental,8.121423,260.7798343400969
AUT,2004,36614.2506533707,79.1804878048781,8171966,5.969,2.18238,9.81532383,65.432379349046,2.0612061803287,47.2191991038628,Austria,Europa Occidental,8.171966,299.21041145482315
AUT,2005,38157.37022862,79.3317073170732,8227829,5.682,2.38942,9.71779728,64.6807367728034,2.29913785639286,48.9511516701756,Austria,Europa Occidental,8.227829,313.9523173307762
AUT,2006,40382.2078298575,79.8804878048781,8268641,5.32,2.376,9.64073944,66.5650829958888,1.44154851119017,51.2031559330564,Austria,Europa Occidental,8.268641,333.9059793324808
AUT,2007,46622.9622913635,80.1804878048781,8295487,4.909,2.4336,9.60482597,69.6374531374839,2.16855528800757,52.8904832388178,Austria,Europa Occidental,8.295487,386.76017758949615
AUT,2008,51581.3982361071,80.4317073170732,8321496,4.198,2.58632,9.83415222,70.1077919552438,3.2159503323988,53.5983913417575,Austria,Europa Occidental,8.321496,429.2343990961723
AUT,2009,47857.4446635266,80.3317073170732,8343323,5.371,2.61279,10.31152916,72.3000130270528,0.506308827696504,45.4869106822459,Austria,Europa Occidental,8.343323,399.2901187824287
AUT,2010,46611.1393420232,80.5804878048781,8363404,4.883,2.74321,10.31620026,67.755820492633,1.81353438995062,51.5839821122491,Austria,Europa Occidental,8.363404,389.8277892176342
AUT,2011,51116.8953522042,80.9829268292683,8391643,4.637,2.68567,10.1370182,67.5416255147159,3.2865791487538,54.2920768831722,Austria,Europa Occidental,8.391643,428.95473706405687
AUT,2012,48250.4059142637,80.9365853658537,8429991,4.909,2.93372,10.30198097,76.0602592179387,2.48567562177015,54.325492441456,Austria,Europa Occidental,8.429991,406.7504876035897
AUT,2013,50305.3545774973,81.1365853658537,8479823,5.367,2.97993,10.40574837,79.3682046930774,2.00015616900597,53.8898209853854,Austria,Europa Occidental,8.479823,426.5805027694169
AUT,2014,51314.9722616322,81.490243902439,8546356,5.674,3.11263,10.51159096,82.5402212781564,1.60581182954474,53.8561570961341,Austria,Europa Occidental,8.546356,438.55602107803395
AUT,2015,43915.228020857,81.190243902439,8642699,5.802,3.06917,10.51688385,78.1278580070139,0.89656333526032,53.3960122723239,Austria,Europa Occidental,8.642699,379.54609730063277
AUT,2016,45061.4993920192,81.6414634146342,8736668,6.064,3.13356,10.51713753,79.2284798266675,0.891591752655362,52.6634020833052,Austria,Europa Occidental,8.736668,393.68735977027364
AUT,2017,47163.7425775142,81.6439024390244,8797566,5.561,3.07376,10.57132816,77.0241854074365,2.08126911385587,54.3260296753968,Austria,Europa Occidental,8.797566,414.9261381326913
AUT,2018,51194.0749841299,81.6926829268293,8840521,4.933,3.10828,10.5157156,78.1653963303554,1.99837981429549,55.7022394735073,Austria,Europa Occidental,8.840521,452.582294972775
AUT,2019,49885.9947355204,81.8951219512195,8879920,4.56,3.14405,10.62530422,78.1470754640731,1.53089564152644,55.8958073929339,Austria,Europa Occidental,8.87992,442.9836423718423
AUT,2020,48716.4098900349,81.1926829268293,8916864,5.201,3.20758,11.41292953,80.9966233909424,1.38191063351854,51.6630899700616,Austria,Europa Occidental,8.916864,434.3976015576962
AUT,2021,53648.6437976214,81.190243902439,8955797,6.459,3.25565,12.185215,79.9114280061055,2.7666666666667,55.9539450675875,Austria,Europa Occidental,8.955797,480.46636317680634
AUT,2022,52336.7725223758,81.2951219512195,9041851,4.992,3.17775,11.22519779,79.9114280061055,8.54686993188458,61.4273121186873,Austria,Europa Occidental,9.041851,473.22129896821616
AUT,2023,56579.504175468,81.7926829268293,9131761,5.264,3.25517,11.15297318,79.9114280061055,7.81413417002831,58.4867595713944,Austria,Europa Occidental,9.131761,516.6705096288758
AUT,2024,58268.8787651601,81.9951219512195,9177982,5.2,3.25517,11.8325634,79.9114280061055,2.93791574279376,55.6782850851641,Austria,Europa Occidental,9.177982,534.7907204668217
BEL,2000,23098.8865077401,77.7219512195122,10251250,6.586,1.9362,7.99917603,2.71746893300957,2.544517761909,72.5473951580567,Bélgica,Europa Occidental,10.25125,236.79246031247067
BEL,2001,23015.0712632462,77.9731707317073,10286570,6.178,2.03279,8.14988899,2.85388556896055,2.46925823086083,71.6119589202939,Bélgica,Europa Occidental,10.28657,236.74614160437045
BEL,2002,25006.191397109,78.0756097560976,10332785,6.91,1.90325,8.3182106,2.76352825061838,1.64521436175361,70.8312976956765,Bélgica,Europa Occidental,10.332785,258.3835993751769
BEL,2003,30655.2092679024,78.1292682926829,10376133,7.68,1.8412,9.18925285,2.67162944582299,1.58896399970372,69.0365085088844,Bélgica,Europa Occidental,10.376133,318.08252850658795
BEL,2004,35429.4077933344,78.8780487804878,10421137,7.363,1.8205,9.35496902,3.3085263032894,2.09728311239316,70.906277447218,Bélgica,Europa Occidental,10.421137,369.2147124432055
BEL,2005,36809.7013403619,78.9804878048781,10478617,8.44,1.7906,9.25018311,3.99451421634997,2.78143263670029,74.2828289213953,Bélgica,Europa Occidental,10.478617,385.714762230039
BEL,2006,38705.1067959147,79.380487804878,10547958,8.246,1.82269,9.1325655,4.99038859399198,1.79120770070454,76.8049970552189,Bélgica,Europa Occidental,10.547958,408.25984086882283
BEL,2007,44319.165448813,79.7829268292683,10625700,7.459,1.84999,9.1392889,5.42542734557672,1.8230563002681,78.3018047028263,Bélgica,Europa Occidental,10.6257,470.9221563094523
BEL,2008,48303.397956286,79.6804878048781,10709973,6.976,1.93684,9.60036659,6.82941741015889,4.48944420508404,80.8806199752035,Bélgica,Europa Occidental,10.709973,517.3280879200781
BEL,2009,44923.3400135081,80.0341463414634,10796493,7.908,1.99134,10.54393387,7.53211673228562,-0.0531456741254177,68.5960770690546,Bélgica,Europa Occidental,10.796493,485.01452599246016
BEL,2010,44197.393671162,80.1829268292683,10895586,8.293,2.0613,10.41325188,8.44179729201239,2.18929920422458,75.8282898692443,Bélgica,Europa Occidental,10.895586,481.5565037200013
BEL,2011,47760.8298776546,80.5853658536585,11038264,7.14,2.15739,10.41302204,10.5488928362589,3.5320821072274,80.2713643518839,Bélgica,Europa Occidental,11.038264,527.1966490486392
BEL,2012,44874.1709182123,80.3853658536585,11106932,7.542,2.27079,10.5865345,14.2367248645394,2.83966343445899,80.0489721342421,Bélgica,Europa Occidental,11.106932,498.4143649449616
BEL,2013,46964.5946777056,80.5878048780488,11159407,8.425,2.32047,10.63787556,15.6365204268621,1.1130959402754,78.9114134413606,Bélgica,Europa Occidental,11.159407,524.0970265985507
BEL,2014,47995.7786961339,81.2878048780488,11209057,8.523,2.35858,10.62032604,18.4604038872424,0.340002833356922,79.3965205800202,Bélgica,Europa Occidental,11.209057,537.9874191643506
BEL,2015,40893.804537772,80.9926829268293,11274196,8.482,2.43496,10.88387299,22.3222150491356,0.561429152790158,77.8777392199991,Bélgica,Europa Occidental,11.274196,461.0447675445309
BEL,2016,41854.5498296444,81.4390243902439,11331422,7.83,2.53291,10.89833736,17.9650959044927,1.97385264653163,79.6181317071952,Bélgica,Europa Occidental,11.331422,474.27156673972877
BEL,2017,44035.3239358548,81.4926829268293,11375158,7.09,2.67654,10.94042683,19.5541393920502,2.12597086002616,83.4444050525116,Bélgica,Europa Occidental,11.375158,500.90876735153023
BEL,2018,47487.2100392561,81.5951219512195,11427054,5.941,2.86365,10.9937973,24.2593851197377,2.05316499865178,83.4830567161373,Bélgica,Europa Occidental,11.427054,542.6389134279216
BEL,2019,46716.6227467964,81.9951219512195,11488980,5.364,3.15154,10.85831451,21.7447994532485,1.43681956996438,82.9674275396401,Bélgica,Europa Occidental,11.48898,536.7263444054889
BEL,2020,45906.2875805246,80.6951219512195,11538604,5.545,3.36823,11.46253014,27.404335237499,0.740791812220344,79.1968705613294,Bélgica,Europa Occidental,11.538604,529.6944735017915
BEL,2021,51658.238294958,81.790243902439,11586195,6.248,3.40589,11.28825092,23.5431574128442,2.44024851144084,89.625374866218,Bélgica,Europa Occidental,11.586195,598.5224222418508
BEL,2022,50639.0264882739,81.7487804878049,11680210,5.57,3.19592,10.73976326,23.5431574128442,9.597511728725,94.3593146395926,Bélgica,Europa Occidental,11.68021,591.4744635786017
BEL,2023,55244.68145811,82.4,11779946,5.547,3.27235,10.80371571,23.5431574128442,4.04901077613941,82.8132982978783,Bélgica,Europa Occidental,11.779946,650.779364363737
BEL,2024,56581.9375642531,82.3,11858610,5.7,3.27235,10.80371571,23.5431574128442,3.14349136500041,79.3187864838737,Bélgica,Europa Occidental,11.85861,670.9831306188275
BGR,2000,1621.3452487867,71.6634146341463,8170172,16.218,0.49517,5.82970953,7.21092757306226,10.3162621289989,36.2188521925379,Bulgaria,Europa del Este,8.170172,13.246669553970131
BGR,2001,1770.99748249575,71.7682926829268,8009142,19.921,0.44709,6.85958815,4.93768195050946,7.36093927231841,34.8813225778741,Bulgaria,Europa del Este,8.009142,14.184170318950978
BGR,2002,2093.08967660564,71.8658536585366,7837161,18.11,0.46473,7.0809865,6.33566859579653,5.81014365721826,33.6473094348292,Bulgaria,Europa del Este,7.837161,16.403880782996332
BGR,2003,2719.63335037372,72.0658536585366,7775327,13.733,0.47222,7.19987392,7.74882629107981,2.34864169582758,34.4169484471671,Bulgaria,Europa del Este,7.775327,21.146038619261244
BGR,2004,3389.86047992391,72.5634146341463,7716860,12.037,0.47086,6.89090872,8.08200187405396,6.14713074246267,40.9566423668749,Bulgaria,Europa del Este,7.71686,26.159078743105624
BGR,2005,3900.02501966492,72.5609756097561,7658972,10.083,0.44269,6.89011478,10.6716781246478,5.0388380711191,42.5295693164729,Bulgaria,Europa del Este,7.658972,29.87018242491307
BGR,2006,4523.37797301782,72.6121951219512,7601022,8.951,0.44216,6.52544546,10.0321314050128,7.26159462769947,46.9778773164501,Bulgaria,Europa del Este,7.601022,34.382295487223864
BGR,2007,5888.87094585161,72.6634146341463,7545338,6.878,0.43003,6.15651751,7.57756888468023,8.40253419005893,52.355044143842,Bulgaria,Europa del Este,7.545338,44.43352172483009
BGR,2008,7271.67443724077,72.9634146341463,7492561,5.609,0.44731,6.28281593,7.58196593911673,12.3487195994021,52.4776647091195,Bulgaria,Europa del Este,7.492561,54.483464293167145
BGR,2009,6988.63048446496,73.4121951219512,7444443,6.817,0.49338,6.59577608,10.0107066381156,2.75320223914819,42.2188508571578,Bulgaria,Europa del Este,7.444443,52.02646128966178
BGR,2010,6854.2987837778,73.5121951219512,7395599,10.279,0.56299,7.09477949,13.7701541165627,2.43899060504117,50.0980440473078,Bulgaria,Europa del Este,7.395599,50.691645231008316
BGR,2011,7849.98219737366,74.1634146341463,7348328,11.26,0.5295,7.10250568,9.26997657341969,4.21990346601872,58.7882035798738,Bulgaria,Europa del Este,7.348328,57.684243980462384
BGR,2012,7432.33753378983,74.3146341463415,7305888,12.27,0.60039,7.53903675,12.7739459550894,2.95456829831012,60.3462746841439,Bulgaria,Europa del Este,7.305888,54.299825600064715
BGR,2013,7796.37945241455,74.8609756097561,7160005,12.941,0.63424,7.14167452,17.5077941344288,0.890093540913096,64.5649783748892,Bulgaria,Europa del Este,7.160005,55.82211586118544
BGR,2014,8070.01289303544,74.4658536585366,7073572,11.424,0.79007,7.68306208,16.7400715940198,-1.4181838026484,64.5508065016037,Bulgaria,Europa del Este,7.073572,57.083817239814486
BGR,2015,7269.02586513711,74.6146341463415,6984225,9.143,0.94947,7.39363575,18.7939951652548,-0.104633261008479,63.7864222949735,Bulgaria,Europa del Este,6.984225,50.76851217293723
BGR,2016,7822.89886431732,74.8121951219512,6894139,7.575,0.77009,7.45975018,17.0803242121072,-0.798649886453617,63.860933447808,Bulgaria,Europa del Este,6.894139,53.93215215354574
BGR,2017,8697.13373333715,74.8146341463415,6803468,6.164,0.74037,7.49624491,14.8994782074893,2.06159619443141,66.9905235648426,Bulgaria,Europa del Este,6.803468,59.17067104647983
BGR,2018,9849.88769989118,74.9634146341464,6710798,5.211,0.75505,7.34086275,20.6174819053313,2.81454473824838,65.9187137701145,Bulgaria,Europa del Este,6.710798,66.10060667665434
BGR,2019,10354.2500414088,75.1121951219512,6616726,4.148,0.83576,7.11813641,17.928087451441,3.10372944796771,64.300587723502,Bulgaria,Europa del Este,6.616726,68.51123545949069
BGR,2020,10760.7616180234,73.3560975609756,6550696,5.037,0.84549,8.44060898,19.5452225548412,1.67244096855756,56.4751259038113,Bulgaria,Europa del Este,6.550696,70.49047808813943
BGR,2021,12966.8085197381,71.2121951219512,6507301,5.166,0.76933,8.58048916,22.1918096199125,3.29774435299506,61.8496078917309,Bulgaria,Europa del Este,6.507301,84.37892604730027
BGR,2022,13999.9113358453,74.1609756097561,6465097,4.148,0.75174,7.63849449,22.1918096199125,15.3252589264367,69.9794718032462,Bulgaria,Europa del Este,6.465097,90.51078477763943
BGR,2023,15854.0192893772,75.7560975609756,6446596,4.319,0.79224,7.91853094,22.1918096199125,9.44284140088564,62.0049746360507,Bulgaria,Europa del Este,6.446596,102.2044573348219
BGR,2024,17596.9167621233,75.7609756097561,6441421,4.2,0.79224,7.91853094,22.1918096199125,2.44651943006079,56.3699636895975,Bulgaria,Europa del Este,6.441421,113.34914916679303
BIH,2000,1338.48059636261,75.292,4159771,25.446,0.01826,7.96239424,48.8445680314508,6.12556615620285,21.883818745472,Bosnia y Herz.,Europa del Este,4.159771,5.56777276881189
BIH,2001,1387.89362942121,75.573,4179438,26.485,0.01826,7.5734477,48.702763677383,6.12556615620285,22.0687199961698,Bosnia y Herz.,Europa del Este,4.179438,5.800615374760923
BIH,2002,1606.5467454132,75.994,4188002,27.477,0.01826,7.39934349,48.8456189151599,6.12556615620285,19.1260118891002,Bosnia y Herz.,Europa del Este,4.188002,6.728220982883972
BIH,2003,2033.94700935864,76.449,4178523,28.424,0.01826,8.28056145,39.9531333214983,6.12556615620285,20.5879852303156,Bosnia y Herz.,Europa del Este,4.178523,8.498894359386293
BIH,2004,2452.6860917386,76.489,4140987,29.279,0.0159,9.06270218,46.9769798868636,6.12556615620285,22.5362431036544,Bosnia y Herz.,Europa del Este,4.140987,10.15654122097035
BIH,2005,2739.61076866057,76.424,4096493,30.218,0.02697,8.82041836,47.5983970798286,6.12556615620285,24.3164228910803,Bosnia y Herz.,Europa del Este,4.096493,11.222796336542645
BIH,2006,3166.12865344833,76.028,4063272,31.11,0.01969,8.88362694,44.0104440604103,6.12556615620285,26.2583452015481,Bosnia y Herz.,Europa del Este,4.063272,12.864841905954304
BIH,2007,3931.48948737505,76.162,4013424,28.984,0.02521,9.25501442,33.9557875084861,1.50077710611542,27.1015554443826,Bosnia y Herz.,Europa del Este,4.013424,15.778734264378723
BIH,2008,4841.69311934649,76.3,3947544,23.405,0.01842,9.48630238,32.8364703501315,7.42704310332953,26.8480689241931,Bosnia y Herz.,Europa del Este,3.947544,19.112796623117518
BIH,2009,4539.91863774968,76.701,3879794,24.068,0.02106,9.0152092,39.8222491702834,-0.381464282453057,25.0093787853569,Bosnia y Herz.,Europa del Este,3.879794,17.613949091229383
BIH,2010,4506.47828548389,76.827,3811472,27.312,0.02106,9.01212692,46.8719341275403,1.99621236745887,29.6955421868204,Bosnia y Herz.,Europa del Este,3.811472,17.176315803729853
BIH,2011,4982.69375768263,76.963,3741798,27.582,0.02106,9.1712122,28.7182591623037,3.67125,32.0359718110398,Bosnia y Herz.,Europa del Este,3.741798,18.64423353710935
BIH,2012,4693.78899115381,77.037,3670113,28.01,0.26533,9.4791584,29.9404203948303,2.05267452001717,32.3505414379409,Bosnia y Herz.,Europa del Este,3.670113,17.226735995690483
BIH,2013,5034.56634817068,77.129,3610859,27.49,0.32132,9.43616295,41.4781387886081,-0.0930456838317588,33.7430455598104,Bosnia y Herz.,Europa del Este,3.610859,18.17910920938923
BIH,2014,5206.06573475132,77.089,3564829,27.517,0.25725,9.4710331,36.7828589108911,-0.897194054194333,33.9891191143676,Bosnia y Herz.,Europa del Este,3.564829,18.558734107147814
BIH,2015,4662.25869219448,77.073,3518541,27.695,0.21603,9.24086571,35.5830827308209,-1.03602303425474,35.1148767232101,Bosnia y Herz.,Europa del Este,3.518541,16.40434836109266
BIH,2016,4928.5665903114,77.124,3473003,25.408,0.21337,9.13943481,31.8909213710812,-1.58400833333336,35.9087089120132,Bosnia y Herz.,Europa del Este,3.473003,17.116926553851265
BIH,2017,5345.01978766473,77.385,3428682,20.527,0.1978,8.81797314,24.4238958510768,0.810039425333895,40.3244116811041,Bosnia y Herz.,Europa del Este,3.428682,18.32637313560988
BIH,2018,6047.84707207392,77.942,3387000,18.4,0.19199,8.76100445,34.7129436325678,1.41710814018034,41.9845538493301,Bosnia y Herz.,Europa del Este,3.387,20.484058033114366
BIH,2019,6122.37541352353,77.394,3345533,15.692,0.19001,8.92544365,36.9519236265935,0.56278215406123,40.040069270151,Bosnia y Herz.,Europa del Este,3.345533,20.482608984331616
BIH,2020,6130.31187968266,76.04,3299349,15.868,0.20325,9.70311832,29.5306388526728,-1.0512960076349,34.5918555020937,Bosnia y Herz.,Europa del Este,3.299349,20.226038369919106
BIH,2021,7295.34378682258,74.567,3244907,14.897,0.19035,9.55514336,39.3396633577902,1.98163900587622,42.8225929673139,Bosnia y Herz.,Europa del Este,3.244907,23.672712121267097
BIH,2022,7655.59421024383,76.777,3204802,12.657,0.18743,8.71644783,39.3396633577902,14.0208440826771,48.3071264641554,Bosnia y Herz.,Europa del Este,3.204802,24.53466363617785
BIH,2023,8663.02326458629,77.85,3185073,10.668,0.18853,8.9216938,39.3396633577902,6.1059011284828,43.9317398178138,Bosnia y Herz.,Europa del Este,3.185073,27.59236149840565
BIH,2024,9397.90942855997,78.044,3164253,10.69,0.21437,8.9216938,39.3396633577902,6.1059011284828,40.7026955014872,Bosnia y Herz.,Europa del Este,3.164253,29.737363103049166
BLR,2000,1276.2880341,68.9121951219512,9979610,12.193,0.7221,5.28088045,0.107275583310984,168.620235850933,69.2108213448948,Bielorrusia,Europa del Este,9.97961,12.7368568279847
BLR,2001,1244.37318523431,68.5073170731707,9928549,11.561,0.70876,5.7064805,0.123688305470215,61.1349331618477,66.7476067360771,Bielorrusia,Europa del Este,9.928549,12.354820143884924
BLR,2002,1479.38066337175,68.0560975609756,9865548,10.874,0.6209,5.62404203,0.11449198669489,42.5375481348794,63.6275159440361,Bielorrusia,Europa del Este,9.865548,14.59490094476584
BLR,2003,1819.52653114699,68.5536585365854,9796749,10.191,0.61147,5.77103186,0.110301573590716,28.3978399133474,65.156379906358,Bielorrusia,Europa del Este,9.796749,17.825444724487742
BLR,2004,2378.33700470129,68.9560975609756,9730146,9.463,0.62759,5.73650646,0.110028836911246,18.1082424937646,67.8863333586708,Bielorrusia,Europa del Este,9.730146,23.14156629294624
BLR,2005,3126.07176665248,68.8512195121951,9663915,8.759,0.67852,6.07036304,0.120151157908336,10.3388794457932,59.7978087236099,Bielorrusia,Europa del Este,9.663915,30.210091836829402
BLR,2006,3848.22350300163,69.4048780487805,9604924,8.066,0.66065,5.57366323,0.121310238596712,6.99712903535591,60.0613117690842,Bielorrusia,Europa del Este,9.604924,36.96189428134443
BLR,2007,4735.48107556066,70.2073170731707,9560953,7.41,0.96203,5.6917243,0.157874893964623,8.42675273505306,60.9430527153212,Bielorrusia,Europa del Este,9.560953,45.27571199582492
BLR,2008,6376.17569162063,70.4560975609756,9527985,6.728,0.74147,5.29448891,0.210340104998859,14.8378764828254,60.9377552183976,Bielorrusia,Europa del Este,9.527985,60.75210634712598
BLR,2009,5352.48809190697,70.4073170731707,9504583,6.1,0.62167,5.3906498,0.346095601790888,12.9456563410402,48.8764618241933,Bielorrusia,Europa del Este,9.504583,50.873167326041425
BLR,2010,6034.67885177216,70.4048780487805,9483836,6.052,0.66913,5.65694332,0.373749820891245,7.73574804312515,51.3728853529564,Bielorrusia,Europa del Este,9.483836,57.231904542875476
BLR,2011,6527.6593428786,70.5536585365854,9461643,6.024,0.6776,4.87452745,0.431273291925466,53.2286983118172,78.4653615193087,Bielorrusia,Europa del Este,9.461643,61.76238232793191
BLR,2012,6953.21591683101,71.9658536585366,9446836,5.962,0.64603,5.24538946,0.553199779213611,59.2197360232519,78.7769072783938,Bielorrusia,Europa del Este,9.446836,65.68589043889219
BLR,2013,7998.0802045456,72.4707317073171,9443211,5.942,0.65191,5.69563103,0.845082045259784,18.3122610377873,58.3335781066769,Bielorrusia,Europa del Este,9.443211,75.52755896644726
BLR,2014,8341.31809294883,72.9707317073171,9448515,5.908,0.50548,5.38792181,0.73387073556931,18.1195543526734,54.941004057247,Bielorrusia,Europa del Este,9.448515,78.8130691209984
BLR,2015,5967.05595058777,73.6243902439025,9461076,5.881,0.49999,6.06528044,0.824804882342586,13.5344897649734,58.0107665670743,Bielorrusia,Europa del Este,9.461076,56.454769844763135
BLR,2016,5039.77560949445,73.8268292682927,9469379,5.844,0.50063,5.91054153,1.16787821009355,11.8365807653497,62.5093471231924,Bielorrusia,Europa del Este,9.469379,47.72354532125894
BLR,2017,5785.54491935194,74.1292682926829,9458989,5.648,0.58411,5.75974846,2.18455743879473,6.03183725177795,66.7896002012327,Bielorrusia,Europa del Este,9.458989,54.72540575115588
BLR,2018,6360.037502312,74.1756097560976,9438785,4.763,0.60443,5.52699471,1.98612322372134,4.87230220550686,70.4550452625374,Bielorrusia,Europa del Este,9.438785,60.03102657625996
BLR,2019,6837.77339645635,74.2268292682927,9419758,4.165,0.57733,5.86133814,2.50339799827011,5.59815595039848,65.0945839929757,Bielorrusia,Europa del Este,9.419758,64.41017065345687
BLR,2020,6542.85579976768,72.1385609756098,9379952,4.049,0.53901,6.40607214,3.49434471308498,5.54814357456519,61.0120971835577,Bielorrusia,Europa del Este,9.379952,61.37167334474245
BLR,2021,7489.71894713888,72.0714634146342,9302585,3.9,0.45981,6.56549978,3.1465360459759,9.46028389623099,70.8317550415821,Bielorrusia,Europa del Este,9.302585,69.67374713186993
BLR,2022,7994.64806074889,74.1033658536585,9228071,3.574,0.47477,6.57784128,3.1465360459759,15.209675274081,63.0511868938428,Bielorrusia,Europa del Este,9.228071,73.77517992460308
BLR,2023,7896.75388295584,74.1837804878049,9178298,3.461,0.57348,7.08167362,3.1465360459759,5.0005990309131,66.0267285714941,Bielorrusia,Europa del Este,9.178298,72.47876037042582
BLR,2024,8605.60954569694,74.3653414634147,9132629,3.458,0.5872,7.08167362,3.1465360459759,5.78531910428005,63.1561020083551,Bielorrusia,Europa del Este,9.132629,78.5918392997087
CHE,2000,39298.0968042444,79.6804878048781,7184250,2.658,2.26386,9.13442421,57.8880331753554,1.55852919679008,50.8536330810172,Suiza,Europa Occidental,7.18425,282.32735196589283
CHE,2001,40133.6101965261,80.1804878048781,7229854,2.49,2.26386,9.46040058,60.1687076332611,0.989020329832545,49.4335424078329,Suiza,Europa Occidental,7.229854,290.160142213795
CHE,2002,43094.2492848494,80.3853658536585,7284753,2.924,2.26386,9.88000107,56.3286708078235,0.642711506543278,47.8008974246151,Suiza,Europa Occidental,7.284753,313.9309617605545
CHE,2003,49947.3910175152,80.5365853658537,7339001,4.117,2.26386,10.13696766,56.0617302270367,0.63827293088719,47.1639744765375,Suiza,Europa Occidental,7.339001,366.56395262493504
CHE,2004,55349.6164595028,81.0878048780488,7389625,4.316,2.60818,10.22576523,55.6087520012198,0.802908730955226,50.8466167037044,Suiza,Europa Occidental,7.389625,409.0129095295534
CHE,2005,57080.0704338193,81.2365853658537,7437115,4.437,2.60818,10.05823421,57.2341067596567,1.17195420333703,53.3710182552627,Suiza,Europa Occidental,7.437115,424.51104802441404
CHE,2006,59910.293405504,81.490243902439,7483934,3.995,2.60818,9.5802002,53.1768085172812,1.05950928324805,56.1815905395898,Suiza,Europa Occidental,7.483934,448.36468176742716
CHE,2007,66082.1233977532,81.7414634146342,7551117,3.641,2.60818,9.41693783,55.894000736106,0.732350603122236,61.0846070566273,Suiza,Europa Occidental,7.551117,498.99384538487186
CHE,2008,75147.5376709155,81.9926829268293,7647675,3.35,2.65296,9.53167725,56.8966767722189,2.42604117060157,62.7755226114318,Suiza,Europa Occidental,7.647675,574.7039451574187
CHE,2009,72788.2049524379,82.0439024390244,7743831,4.109,2.65296,10.1415062,56.7025518923735,-0.480481936423305,57.6099783739418,Suiza,Europa Occidental,7.743831,563.6595579450421
CHE,2010,77956.1262043942,82.2463414634147,7824909,4.808,2.65296,9.9907856,57.8559315785593,0.688238707219975,64.3662982851714,Suiza,Europa Occidental,7.824909,609.9995935419
CHE,2011,91910.3964565203,82.6951219512195,7912398,4.409,2.65296,10.10393143,55.3378827971465,0.2313492076509,66.2018319881441,Suiza,Europa Occidental,7.912398,727.2316371017783
CHE,2012,87269.5594780124,82.6975609756098,7996861,4.491,2.87456,10.33511066,60.4690788814273,-0.692552018105163,67.4290703358076,Suiza,Europa Occidental,7.996861,697.8825366768978
CHE,2013,88851.2374497983,82.7975609756098,8089346,4.747,2.87456,10.59444523,60.0794735942574,-0.217323155115673,71.5387969810933,Suiza,Europa Occidental,8.089346,718.7484022595761
CHE,2014,90511.6484558843,83.1975609756098,8188649,4.826,2.87456,10.6751194,59.0078474555009,-0.0132025387515946,64.7317061911352,Suiza,Europa Occidental,8.188649,741.1681196166285
CHE,2015,85265.06205193,82.8975609756098,8282396,4.801,3.04577,10.97983074,63.1244645336642,-1.14390867228178,63.254588058839,Suiza,Europa Occidental,8.282396,706.1990088786569
CHE,2016,83432.4111596314,83.6024390243903,8373338,4.918,3.04577,11.20248795,63.1158307879785,-0.434618664285815,66.2372910110226,Suiza,Europa Occidental,8.373338,698.6077787945657
CHE,2017,83610.248611484,83.5512195121951,8451840,4.797,3.04671,11.37471581,64.497116420559,0.533787839825876,65.6423588005133,Suiza,Europa Occidental,8.45184,706.660443624485
CHE,2018,87002.3382293532,83.7536585365854,8514329,4.713,3.04671,11.19891071,60.3106874755919,0.936335464113572,66.7444127590223,Suiza,Europa Occidental,8.514329,740.7665314539906
CHE,2019,85872.9702303454,83.9048780487805,8575280,4.394,3.14983,11.42588997,61.4381129868187,0.362886179940674,66.1484505764437,Suiza,Europa Occidental,8.57528,736.3847641568763
CHE,2020,87529.7016394892,83.0,8638167,4.817,3.14983,11.98960876,63.7239746535757,-0.725874933313403,63.5682266863333,Suiza,Europa Occidental,8.638167,756.0961802220816
CHE,2021,96582.8687080693,83.7512195121951,8704546,5.013,3.24862,11.95855618,67.8762344840083,0.581814168489856,69.9421328454497,Suiza,Europa Occidental,8.704546,840.7100234813498
CHE,2022,97809.095567203,83.6048780487805,8777088,4.122,3.24862,11.59911823,67.8762344840083,2.83502798644451,74.9648944789973,Suiza,Europa Occidental,8.777088,858.4790389937506
CHE,2023,104449.75451772,84.1560975609756,8888822,4.043,3.22178,11.69096088,67.8762344840083,2.13540088016387,70.3187381654557,Suiza,Europa Occidental,8.888822,928.4352758517089
CHE,2024,107702.065940312,84.4073170731707,9005582,4.343,3.22178,11.69096088,67.8762344840083,1.06234041976595,71.202289539209,Suiza,Europa Occidental,9.005582,969.9197863948867
CZE,2000,6062.92152842793,74.9682926829268,10255063,8.764,1.10377,5.66916943,3.86429096452781,3.77538829151729,47.8222277784723,Chequia,Europa del Este,10.255063,62.17564223808471
CZE,2001,6669.07494847497,75.1731707317073,10216605,8.128,1.09343,5.83479309,4.00562648197516,4.66267556988258,48.6218413983162,Chequia,Europa del Este,10.216605,68.13530446396413
CZE,2002,8101.26018588111,75.2219512195122,10196916,7.28,1.09272,6.14656258,4.3892963797349,1.90298097019027,44.7797457982463,Chequia,Europa del Este,10.196916,82.60786960957407
CZE,2003,9852.45677945801,75.1707317073171,10193998,7.777,1.13817,6.50168419,2.751595035265,0.118739205526815,46.5673230629568,Chequia,Europa del Este,10.193998,100.43592470488142
CZE,2004,11782.5546676117,75.7219512195122,10197101,8.298,1.13619,6.33308411,3.89498772722422,2.76010781671153,56.8994781682745,Chequia,Europa del Este,10.197101,120.14789998365792
CZE,2005,13442.4916284309,75.9243902439025,10211216,7.927,1.15998,6.33529043,4.57711497008889,1.85709789109228,61.7588664473362,Chequia,Europa del Este,10.211216,137.26418559609965
CZE,2006,15259.0788162004,76.5243902439024,10238905,7.141,1.22564,6.16489983,5.01095292848591,2.53399258343633,64.8869825723489,Chequia,Europa del Este,10.238905,156.23625838658836
CZE,2007,18452.6532812196,76.7243902439025,10298828,5.316,1.2967,5.99029112,4.35910111340393,2.8531243721117,66.150542351883,Chequia,Europa del Este,10.298828,190.04070228691626
CZE,2008,22774.7045076205,76.9756097560976,10384603,4.392,1.2352,6.33855247,4.88115533133286,6.3586638015237,63.0342206340259,Chequia,Europa del Este,10.384603,236.50626475394938
CZE,2009,19817.4215836554,77.0780487804878,10443936,6.662,1.28943,7.2650013,6.3364239216402,1.0193773532923,58.4757844686548,Chequia,Europa del Este,10.443936,206.97188270471563
CZE,2010,20160.4355077059,77.4243902439025,10474410,7.281,1.31352,7.47836781,7.55942167328266,1.47272727272728,64.8915980155479,Chequia,Europa del Este,10.47441,211.16866728626977
CZE,2011,22049.1080788682,77.8731707317073,10496088,6.712,1.5323,7.47281456,9.08699429564343,1.9172191363555,70.2506376126123,Chequia,Europa del Este,10.496088,231.42937871731158
CZE,2012,20014.0354015165,78.0756097560976,10510785,6.979,1.757,7.53974962,10.0615319499417,3.28762306610411,75.1048104767256,Chequia,Europa del Este,10.510785,210.3632230877286
CZE,2013,20260.4954999375,78.1756097560976,10514272,6.953,1.86743,7.44831276,11.7516136826482,1.4382978723404,75.5803954463061,Chequia,Europa del Este,10.514272,213.02436054111885
CZE,2014,20038.4163180257,78.8243902439024,10525347,6.108,1.94392,7.53919601,11.8669731160329,0.343988589646794,81.3510352122697,Chequia,Europa del Este,10.525347,210.91128507768283
CZE,2015,17931.5987670768,78.5780487804878,10546059,5.048,1.906,7.29346752,12.7511920087732,0.309364548494975,80.0125671431762,Chequia,Europa del Este,10.546059,189.1076985619192
CZE,2016,18753.9686718096,79.0268292682927,10566332,3.952,1.65411,7.32258606,12.7074625790731,0.683504209385703,78.108333006403,Chequia,Europa del Este,10.566332,198.1606593039393
CZE,2017,20913.197632212,78.9780487804878,10594438,2.893,1.74513,7.24190664,12.4026029222569,2.4505339846014,77.6844326231276,Chequia,Europa del Este,10.594438,221.56357569621682
CZE,2018,23705.9329811299,79.0292682926829,10629928,2.246,1.87652,7.37173605,11.9061417358611,2.14949494949493,75.6097814865591,Chequia,Europa del Este,10.629928,251.9923607622362
CZE,2019,24062.7190013343,79.2292682926829,10671870,2.015,1.89547,7.48754358,12.9178261618889,2.84787595918041,72.1248511386482,Chequia,Europa del Este,10.67187,256.79420902876944
CZE,2020,23472.8915454417,78.2268292682927,10697858,2.55,1.94537,8.96995831,14.3377287669889,3.1612952849781,67.7609732344735,Chequia,Europa del Este,10.697858,251.10966060253585
CZE,2021,27696.4619527544,77.2219512195122,10505772,2.803,1.93302,9.15420723,14.0234899723578,3.83984491500146,70.550045142844,Chequia,Europa del Este,10.505772,290.9727144823125
CZE,2022,28282.2236715857,78.9292682926829,10672118,2.224,1.89089,8.47063065,14.0234899723578,15.1001651468371,72.4094281428088,Chequia,Europa del Este,10.672118,301.83122832555586
CZE,2023,31761.5944102491,79.8268292682927,10864042,2.579,1.83369,8.42677402,14.0234899723578,10.6612601372427,68.4031069284452,Chequia,Europa del Este,10.864042,345.0592956599114
CZE,2024,31827.7552539413,79.9780487804878,10905028,2.6,1.83369,8.50710297,14.0234899723578,2.43531202435314,68.8585282145125,Chequia,Europa del Este,10.905028,347.08256222137703
DEU,2000,23925.8559901991,77.9268292682927,82211508,7.917,2.38654,9.75930405,6.88673698232395,1.44026838719741,29.6806532498145,Alemania,Europa Occidental,82.211508,1966.980701145101
DEU,2001,23878.3641471651,78.3292682926829,82349925,7.773,2.3792,9.78105545,7.23304331811066,1.98385731334471,30.5604113813066,Alemania,Europa Occidental,82.349925,1966.3814966417349
DEU,2002,25486.5942008748,78.2292682926829,82488495,8.482,2.40856,10.028965,8.38887051853266,1.42080615551526,31.1904504893495,Alemania,Europa Occidental,82.488495,2102.35079830589
DEU,2003,30711.1022511331,78.3804878048781,82534176,9.779,2.44232,10.22255325,8.41124256470187,1.03422218628562,31.2678451095809,Alemania,Europa Occidental,82.534176,2534.715518349016
DEU,2004,34566.7359143735,78.6804878048781,82516260,10.727,2.40278,9.97466278,10.3016006303503,1.66573696655992,33.9352126434777,Alemania,Europa Occidental,82.51626,2852.317768061782
DEU,2005,35084.4363546269,78.9317073170732,82469422,11.193,2.40266,10.1068058,11.2629470690756,1.54691114751328,35.9531497908166,Alemania,Europa Occidental,82.469422,2893.3931873618676
DEU,2006,36980.3349948954,79.1317073170732,82376451,10.277,2.43043,9.96236897,12.3838878699732,1.57742642840563,38.9694499171537,Alemania,Europa Occidental,82.376451,3046.308753670586
DEU,2007,42350.9217211489,79.5341463414634,82266372,8.732,2.41918,9.83482933,15.0125048335391,2.29834400700951,40.6368056265783,Alemania,Europa Occidental,82.266372,3484.056680854916
DEU,2008,46379.1647953479,79.7365853658537,82110097,7.508,2.57152,10.03185749,15.6434365062903,2.62837981637219,40.9488738182043,Alemania,Europa Occidental,82.110097,3808.197720125001
DEU,2009,42471.8868625226,79.8365853658537,81902307,7.88,2.68864,10.97003078,17.0317317412975,0.312739007368447,35.4545162932994,Alemania,Europa Occidental,81.902307,3478.5455166835927
DEU,2010,42396.9665976293,79.9878048780488,81776930,7.043,2.67632,10.8311739,17.6238311852413,1.1038103778926,39.4953465429823,Alemania,Europa Occidental,81.77693,3467.09376966667
DEU,2011,47630.9761883572,80.4365853658537,80274983,5.967,2.75016,10.52106953,21.1830252657297,2.07517283735874,41.6436286591115,Alemania,Europa Occidental,80.274983,3823.575803793779
DEU,2012,44718.0159214069,80.5390243902439,80425823,5.372,2.82499,10.59356213,23.7360619053531,2.00848884782956,42.6855834357406,Alemania,Europa Occidental,80.425823,3596.483233406253
DEU,2013,47206.8353514242,80.490243902439,80645605,5.316,2.78067,10.7432127,24.7569676577929,1.50472330251876,41.6802838324356,Alemania,Europa Occidental,80.645605,3807.023797050992
DEU,2014,48959.5991203133,81.090243902439,80982500,4.979,2.82218,10.76819706,26.8208650442971,0.906794000434246,41.6936675523627,Alemania,Europa Occidental,80.9825,3964.870735760772
DEU,2015,41929.7549110722,80.6414634146341,81686611,4.612,2.87725,10.92317677,30.0329009777745,0.514426137125456,42.5853976151835,Alemania,Europa Occidental,81.686611,3425.0995787460947
DEU,2016,42948.9381932694,80.990243902439,82348669,4.104,2.88393,10.97133732,30.0192636163635,0.491747008445174,41.6355419518592,Alemania,Europa Occidental,82.348669,3536.787895179
DEU,2017,45553.9341495339,80.9926829268293,82657002,3.781,2.9886,11.05091095,34.0095116739047,1.50949485109628,42.2029575981591,Alemania,Europa Occidental,82.657002,3765.351626105892
DEU,2018,48916.1686612154,80.8926829268293,82905782,3.384,3.05057,11.18380833,35.6372215317549,1.73216879766942,42.4968914074717,Alemania,Europa Occidental,82.905782,4055.433215301956
DEU,2019,47656.199739747,81.2926829268293,83092962,3.163,3.11256,11.42805386,40.577541904412,1.44565976888253,42.3402444816356,Alemania,Europa Occidental,83.092962,3959.894794039207
DEU,2020,47394.8734504469,81.0414634146342,83160871,3.881,3.0897,12.46780777,44.8396245103934,0.144877925813982,39.1198068808828,Alemania,Europa Occidental,83.160871,3941.39895707394
DEU,2021,52349.2459994422,80.790243902439,83196078,3.594,3.0786,12.72403336,39.8305665158005,3.06666666666673,42.5198379291429,Alemania,Europa Occidental,83.196078,4355.251953410781
DEU,2022,50506.5179638543,80.6080487804878,83177813,3.137,3.07096,12.44708347,39.8305665158005,6.87257438551097,45.6284043425185,Alemania,Europa Occidental,83.177813,4201.021706478614
DEU,2023,54776.7668235491,81.0414634146342,83287273,3.071,3.1539,11.74428654,39.8305665158005,5.94643667725823,42.9672624196847,Alemania,Europa Occidental,83.287273,4562.207532490276
DEU,2024,56103.7323182554,80.7926829268293,83516593,3.4,3.1539,12.26655293,39.8305665158005,2.2564981433876,41.4340593720908,Alemania,Europa Occidental,83.516593,4685.592577804683
DNK,2000,30722.0251837567,76.5926829268293,5339616,4.476,2.18774,8.11006165,15.4550245471944,2.90328203236461,44.8786835833686,Dinamarca,Europa del Norte,5.339616,164.0438172235902
DNK,2001,30768.4775471112,76.7926829268293,5358783,4.164,2.32339,8.44370651,15.4947122902807,2.33787000255263,45.5295862400865,Dinamarca,Europa del Norte,5.358783,164.8815944153412
DNK,2002,33257.1622586509,76.8951219512195,5375931,4.274,2.43935,8.69506168,17.2805253646244,2.42443661219695,45.6653553506862,Dinamarca,Europa del Norte,5.375931,178.78820955831137
DNK,2003,40519.0974905924,77.1439024390244,5390574,5.398,2.50711,8.89037418,17.4901485298575,2.07507820646506,43.7731471646248,Dinamarca,Europa del Norte,5.390574,218.42119343625265
DNK,2004,46625.050098011,77.4926829268293,5404523,5.204,2.41328,8.98551464,23.544397724462,1.15435693124934,43.821544808921,Dinamarca,Europa del Norte,5.404523,251.98615563085272
DNK,2005,48925.8076698784,77.8439024390244,5419432,4.83,2.38721,9.06716251,27.0705733046405,1.81781458291254,47.3751212346545,Dinamarca,Europa del Norte,5.419432,265.15008771198444
DNK,2006,52119.1787984282,78.0951219512195,5437272,3.897,2.39875,9.15257931,20.1727653416939,1.92422138464584,50.6843661293202,Dinamarca,Europa del Norte,5.437272,283.3861515436873
DNK,2007,58631.6566433635,78.1951219512195,5461438,3.801,2.50921,9.30215549,26.2107030216706,1.69326586220324,51.3974872348582,Dinamarca,Europa del Norte,5.461438,320.2131575950179
DNK,2008,64616.6657583663,78.4463414634146,5493621,3.683,2.76081,9.46797943,27.5726458378851,3.41626794258374,53.9709187280921,Dinamarca,Europa del Norte,5.493621,354.979471960142
DNK,2009,58412.7472358513,78.5975609756098,5523095,6.409,3.04209,10.62873173,27.6590715444026,1.30470991024336,46.9989097546293,Dinamarca,Europa del Norte,5.523095,322.6191521945941
DNK,2010,58104.5445594981,79.1,5547683,7.746,2.91389,10.59621811,31.9833770778653,2.31092436974786,50.5907805356338,Dinamarca,Europa del Norte,5.547683,322.3455940754701
DNK,2011,61809.737898222,79.8,5570572,7.769,2.94198,10.39758492,40.2539385165631,2.7586822605125,54.0836272472402,Dinamarca,Europa del Norte,5.570572,344.3155952631743
DNK,2012,58443.7747103968,80.0512195121951,5591572,7.798,2.9845,10.53344631,48.3304234527687,2.3979148566464,55.0808426058575,Dinamarca,Europa del Norte,5.591572,326.79257424496285
DNK,2013,61377.5940590412,80.3,5614932,7.384,2.96145,10.29778957,45.9608542973922,0.789071780078062,54.9209092360852,Dinamarca,Europa del Norte,5.614932,344.6310169651203
DNK,2014,62520.4509747011,80.7,5643475,6.925,2.91543,10.31388664,55.8777032065623,0.56402054044954,54.8334037514843,Dinamarca,Europa del Norte,5.643475,352.8326020644513
DNK,2015,53094.0133607574,80.7024390243902,5683483,6.278,3.06422,10.3754549,65.4356254319281,0.452034153691575,55.8143215733858,Dinamarca,Europa del Norte,5.683483,301.75892233763756
DNK,2016,54500.9260410217,80.8536585365854,5728010,5.989,3.10209,10.28229332,60.2201191957561,0.250000000000031,53.7439528985173,Dinamarca,Europa del Norte,5.72801,312.1818493722327
DNK,2017,57521.5514992225,81.1024390243903,5764980,5.833,2.93576,10.1137991,70.2659725356199,1.14713216957602,55.3459515613736,Dinamarca,Europa del Norte,5.76498,331.6105939619877
DNK,2018,61324.7665045565,80.9536585365854,5793636,5.131,2.97895,10.14163208,68.3574368599559,0.813609467455631,56.9833683807386,Dinamarca,Europa del Norte,5.793636,355.2933749123927
DNK,2019,59404.2663247723,81.4512195121951,5814422,5.018,2.90605,10.18468761,78.1718390025749,0.75813157251162,58.9506079167167,Dinamarca,Europa del Norte,5.814422,345.4014730126152
DNK,2020,60985.4885601514,81.6024390243903,5831404,5.644,2.96533,10.69237614,81.6167850181008,0.420711974110025,55.0368973244514,Dinamarca,Europa del Norte,5.831404,355.63102193162115
DNK,2021,69340.7334922138,81.4048780487805,5856733,5.065,2.74323,10.65575886,78.958880484115,1.85304543989689,59.2073478715957,Dinamarca,Europa del Norte,5.856733,406.11016208805376
DNK,2022,67781.0940939514,81.3048780487805,5903037,4.434,2.86709,9.47411346,78.958880484115,7.6965669988926,70.7552148776405,Dinamarca,Europa del Norte,5.903037,400.1143063370766
DNK,2023,68043.5466971243,81.7536585365854,5946952,5.094,3.04841,9.5572958,78.958880484115,3.30517811237606,69.3143620591443,Dinamarca,Europa del Norte,5.946952,404.6517061175568
DNK,2024,71026.4832271897,82.2536585365854,5976992,5.358,3.04841,9.38812923,78.958880484115,1.37220049768926,71.0020132043046,Dinamarca,Europa del Norte,5.976992,424.52472203704707
ESP,2000,14743.2671031455,78.9658536585366,40567864,13.785,0.88315,6.80217838,16.947181780922,3.43351563418764,28.5889225704133,España,Europa del Sur,40.567864,598.1028547560805
ESP,2001,15368.2337984435,79.3682926829268,40850412,10.348,0.88838,6.76929569,22.1453507092138,3.58983413338117,27.8768485415674,España,Europa del Sur,40.850412,627.7986823787419
ESP,2002,17111.0685058941,79.5682926829268,41431558,11.146,0.95947,6.79878616,15.6014876444677,3.06565685902211,26.5642672698948,España,Europa del Sur,41.431558,708.9382272439248
ESP,2003,21522.0170990262,79.619512195122,42187645,11.283,1.0232,7.59223175,22.698365208319,3.03888839396661,25.6155917093049,España,Europa del Sur,42.187645,907.9632170576472
ESP,2004,24925.0267844576,79.8707317073171,42921895,11.09,1.04013,7.68447876,19.1063241586719,3.03924881090924,25.3882582473993,España,Europa del Sur,42.921895,1069.8293825146768
ESP,2005,26450.9530130382,80.1707317073171,43653155,9.146,1.09866,7.77807474,15.9485519394185,3.36881409750383,24.940578932511,España,Europa del Sur,43.653155,1154.6675517758736
ESP,2006,28421.686527407,80.8219512195122,44397319,8.452,1.17567,7.87072468,18.709395944019,3.51557576832123,25.183486968843,España,Europa del Sur,44.397319,1261.8466832752908
ESP,2007,32652.015594702,80.8731707317073,45226803,8.232,1.23823,7.96241188,20.1610868717199,2.7867974580495,25.9230971257706,España,Europa del Sur,45.226803,1476.7462768545151
ESP,2008,35603.248328071,81.1756097560976,45954106,11.254,1.32156,8.4290638,20.6921098426176,4.0753433595734,25.5478087649402,España,Europa del Sur,45.954106,1636.1154476124975
ESP,2009,32279.8208476151,81.4756097560976,46362946,17.857,1.35898,9.1530304,26.077998778087,-0.287813083535241,22.9853959496361,España,Europa del Sur,46.362946,1496.587590847653
ESP,2010,30658.7422282912,81.6268292682927,46576897,19.86,1.35436,9.16992569,33.4905995151346,1.79986457728769,25.8278133398939,España,Europa del Sur,46.576897,1427.9890789166698
ESP,2011,31824.6219134777,82.4756097560976,46742697,21.39,1.32726,9.21749687,30.5731384019575,3.19610188833792,29.3884101095734,España,Europa del Sur,46.742697,1487.5686592412483
ESP,2012,28456.4438151477,82.4268292682927,46773055,24.789,1.29268,9.2189045,30.4410803944105,2.44612782366809,31.2997362842724,España,Europa del Sur,46.773055,1330.9948116703133
ESP,2013,29228.846559842,83.0780487804878,46604197,26.094,1.26864,9.13714981,40.4694798533773,1.40858109183009,32.7554570166099,España,Europa del Sur,46.604197,1362.1869231576488
ESP,2014,29707.765509467,83.2292682926829,46460733,24.441,1.23401,9.1512289,40.9223064477361,-0.151114837527235,33.2193399291014,España,Europa del Sur,46.460733,1380.2445613619552
ESP,2015,25982.4416197775,82.8317073170732,46422303,22.057,1.21165,9.17553329,35.7115563292288,-0.500365709903243,33.2986849561039,España,Europa del Sur,46.422303,1206.164777553122
ESP,2016,26755.6061149398,83.3292682926829,46458139,19.635,1.1808,8.88084984,39.3497749034651,-0.202598000426358,33.5770329849408,España,Europa del Sur,46.458139,1243.0156679171232
ESP,2017,28381.3425596906,83.2829268292683,46571232,17.224,1.20198,9.0217495,32.8920740155082,1.95607633363954,34.9003952055684,España,Europa del Sur,46.571232,1321.754088818825
ESP,2018,30602.4212881113,83.4317073170732,46782011,15.255,1.23288,9.07122517,38.7586900441607,1.67498136863799,34.874813986254,España,Europa del Sur,46.782011,1431.6428093270572
ESP,2019,29786.5245689007,83.8317073170732,47118501,14.104,1.24207,9.21539497,37.7724998810643,0.699518994458648,34.6755629292261,España,Europa del Sur,47.118501,1403.4963876862723
ESP,2020,27233.9426461608,82.2317073170732,47359424,15.532,1.39637,10.79479218,44.5277230391878,-0.322753017299649,30.4810248544563,España,Europa del Sur,47.359424,1289.7838369712115
ESP,2021,30799.4775937775,83.1780487804878,47443821,14.914,1.39617,10.34419918,47.0149136749395,3.09313511976402,33.7570843255301,España,Europa del Sur,47.443821,1461.2449018526904
ESP,2022,30319.4987196616,83.1341463414634,47786102,13.033,1.40684,9.6799593,47.0149136749395,8.39057634118637,39.6716824276836,España,Europa del Sur,47.786102,1448.8506584066185
ESP,2023,33493.2225409111,83.9341463414634,48352528,12.179,1.49362,9.2206583,47.0149136749395,3.53236133492433,37.8166476493913,España,Europa del Sur,48.352528,1619.481980719635
ESP,2024,35326.7683069278,83.8878048780488,48848840,11.4,1.49362,9.2206583,47.0149136749395,2.747147886618,37.0558792721708,España,Europa del Sur,48.84884,1725.671652742187
EST,2000,4070.60902410208,70.4170731707317,1396985,13.36,0.6,5.17029095,0.214965347116175,4.01848952508763,61.6273943170743,Estonia,Europa del Norte,1.396985,5.686579747535245
EST,2001,4502.66614992392,70.2585365853659,1388115,13.134,0.69889,4.78399181,0.212189084050454,5.74827981651373,61.2953889786181,Estonia,Europa del Norte,1.388115,6.250218422701642
EST,2002,5343.18310760735,70.9048780487805,1379350,10.026,0.71182,4.70192671,0.351823619092295,3.57191270164027,57.939021497648,Estonia,Europa del Norte,1.37935,7.370119619478199
EST,2003,7205.40703313243,71.3170731707317,1370720,11.288,0.76445,5.13748884,0.482330938084457,1.33499116549955,57.1473420929668,Estonia,Europa del Norte,1.37072,9.876595528455285
EST,2004,8916.0728274602,71.909756097561,1362550,10.248,0.84566,5.33641052,0.582298136645963,3.04811107523416,61.065845203172,Estonia,Europa del Norte,1.36255,12.148595031055896
EST,2005,10414.6381183565,72.5682926829268,1354775,8.033,0.91687,5.29434633,1.08770210681039,4.07971423199849,65.4224930152567,Estonia,Europa del Norte,1.354775,14.109491356796429
EST,2006,12641.4800976473,72.6914634146341,1346810,5.915,1.11259,4.97308683,1.3337443485409,4.43762042389213,63.2563546690877,Estonia,Europa del Norte,1.34681,17.02567181031236
EST,2007,16745.4308011148,72.8146341463415,1340680,4.592,1.05869,5.18429422,1.19442165709598,6.60132603055637,62.595408910398,Estonia,Europa del Norte,1.34068,22.450264166438586
EST,2008,18205.9064113446,73.7707317073171,1337090,5.455,1.25182,5.95694113,1.86664776486154,10.3623580313683,66.3888247384518,Estonia,Europa del Norte,1.33709,24.34293540354475
EST,2009,14712.4494217916,74.8243902439024,1334515,13.548,1.39673,6.84443808,6.1696092949083,-0.0784083112809768,60.8614218164008,Estonia,Europa del Norte,1.334515,19.633984440122216
EST,2010,14663.7041018705,75.4292682926829,1331475,16.707,1.57892,6.59404182,8.05276149336624,2.97204512015694,75.0459409001608,Estonia,Europa del Norte,1.331475,19.524355419038024
EST,2011,17555.5455239426,76.2292682926829,1327439,12.328,2.29632,6.05471659,9.15124486155278,4.9819013145361,86.2696175221184,Estonia,Europa del Norte,1.327439,23.303915794756843
EST,2012,17568.2137969714,76.3268292682927,1322696,10.021,2.10485,6.03782082,12.341689646528,3.93339987296985,85.3980903719718,Estonia,Europa del Norte,1.322696,23.23740611639888
EST,2013,19310.3874900757,77.1414634146341,1317997,8.631,1.70141,6.19788504,9.19728813559322,2.78056658954988,83.4541106351012,Estonia,Europa del Norte,1.317997,25.451032780757302
EST,2014,20581.7898991695,77.0341463414634,1314545,7.352,1.40794,6.26286125,11.1824682628957,-0.10617514652171,80.5897352297357,Estonia,Europa del Norte,1.314545,27.05568900300377
EST,2015,17722.1557669523,77.590243902439,1315407,6.412,1.44125,6.52138662,15.4271777690185,-0.49232600654737,76.0344602333505,Estonia,Europa del Norte,1.315407,23.31184775093942
EST,2016,18666.3736521706,77.6414634146342,1315790,6.882,1.21835,6.56918621,13.0470046840332,0.148684907627373,75.4768621637455,Estonia,Europa del Norte,1.31579,24.561027787789556
EST,2017,20851.5223496861,78.0926829268293,1317384,5.807,1.25152,6.46636105,14.1224924012158,3.41723549488054,74.3055583828982,Estonia,Europa del Norte,1.317384,27.469461919118874
EST,2018,23618.1361254581,78.2439024390244,1321977,5.412,1.38298,6.56314421,16.085409252669,3.43632688420446,72.9004951572088,Estonia,Europa del Norte,1.321977,31.22263274072472
EST,2019,24021.2501413306,78.6463414634147,1326898,4.514,1.59093,6.64763546,28.1355219960604,2.27725931243522,72.0191543549198,Estonia,Europa del Norte,1.326898,31.87374877003129
EST,2020,23933.9939421065,78.5951219512195,1329522,6.956,1.72614,7.47179365,48.8761105626851,-0.44453109767983,68.1545534058676,Estonia,Europa del Norte,1.329522,31.820771493897315
EST,2021,27951.1659277744,76.9439024390244,1330932,6.178,1.75152,7.47591066,39.9573847862299,4.65316673847473,79.6159088233408,Estonia,Europa del Norte,1.330932,37.20110117058464
EST,2022,28340.3826549406,77.8439024390244,1348840,5.571,1.76094,6.93641424,39.9573847862299,19.3982634080616,87.4299380839503,Estonia,Europa del Norte,1.34884,38.22664174029008
EST,2023,30264.0064885057,78.7926829268293,1370286,6.378,1.83878,7.47082138,39.9573847862299,9.15922507983982,77.7746597010983,Estonia,Europa del Norte,1.370286,41.47034439510852
EST,2024,31428.3547816104,79.2951219512195,1372341,7.6,1.83878,7.83648062,39.9573847862299,3.5194118998392,75.6694833213142,Estonia,Europa del Norte,1.372341,43.13041982935
FIN,2000,24335.9225082659,77.4658536585366,5176209,11.134,3.24271,7.09544373,33.4094260889448,3.04210080667792,42.0483040781312,Finlandia,Europa del Norte,5.176209,125.96782111058852
FIN,2001,24965.202996776,77.9658536585366,5188008,10.29,3.19405,7.25165653,28.9272077974384,2.57844080098903,39.7682089438709,Finlandia,Europa del Norte,5.188008,129.51967286889786
FIN,2002,26989.389260959,78.119512195122,5200598,10.423,3.25409,7.63005877,26.4557000867187,1.5712201278938,39.1471301535974,Finlandia,Europa del Norte,5.200598,140.36096381176486
FIN,2003,32920.0857192568,78.3682926829268,5213014,10.469,3.29898,7.93988276,22.6088039276143,0.877440386254729,37.3294488313537,Finlandia,Europa del Norte,5.213014,171.61286773568577
FIN,2004,37768.1334202029,78.7146341463415,5228172,10.358,3.30943,8.05999184,29.8576737142524,0.187120559084474,38.6195122873108,Finlandia,Europa del Norte,5.228172,197.45829763976903
FIN,2005,39049.8703780223,78.8170731707317,5246096,9.602,3.32412,8.28901291,33.2486611317333,0.623874450025224,40.2785031518346,Finlandia,Europa del Norte,5.246096,204.85936879066128
FIN,2006,41214.0187765069,79.2146341463415,5266268,8.935,3.33285,8.2858429,27.2933594129653,1.56666380704379,43.0831708713938,Finlandia,Europa del Norte,5.266268,217.04406823411742
FIN,2007,48473.0240091455,79.2634146341464,5288720,6.854,3.33727,8.08415604,29.938371592098,2.5106656524034,43.8289523626236,Finlandia,Europa del Norte,5.28872,256.36025153764797
FIN,2008,53769.4726240385,79.5682926829268,5313399,6.369,3.53719,8.34362221,35.8774021076557,4.06595355358383,44.9027814242251,Finlandia,Europa del Norte,5.313399,285.6986620710935
FIN,2009,47478.3495310999,79.719512195122,5338871,8.249,3.73427,9.16182804,30.1086042542563,-9.17360424903996e-07,36.0833081134619,Finlandia,Europa del Norte,5.338871,253.48078343945286
FIN,2010,46506.2919016566,79.8707317073171,5363352,8.394,3.70524,9.14183331,29.9911371693482,1.18413523154651,38.4130493709706,Finlandia,Europa del Norte,5.363352,249.42961368333374
FIN,2011,51060.3242589767,80.4707317073171,5388272,7.781,3.62434,9.23903561,32.8917021537122,3.4168075425521,38.9673926791632,Finlandia,Europa del Norte,5.388272,275.1269155155649
FIN,2012,47551.6740841369,80.6268292682927,5413971,7.689,3.4095,9.61732101,40.5621280765789,2.80833622561574,38.9349130144028,Finlandia,Europa del Norte,5.413971,257.44338449296873
FIN,2013,49691.0145200739,80.9756097560976,5438972,8.193,3.28462,9.84504986,35.9680312109687,1.4782861568881,38.250195334575,Finlandia,Europa del Norte,5.438972,270.2680366262754
FIN,2014,50073.7760815871,81.1804878048781,5461512,8.663,3.16344,9.83066177,38.5804329309484,1.0411962117843,36.8060042262758,Finlandia,Europa del Norte,5.461512,273.4785289549009
FIN,2015,42560.3456767103,81.4804878048781,5479531,9.376,2.88826,9.69998264,44.5011880639659,-0.207928839905177,35.7815711349623,Finlandia,Europa del Norte,5.479531,233.21073350625005
FIN,2016,43451.2562442158,81.4292682926829,5495303,8.818,2.74716,9.45625591,44.2314818854807,0.356684500891695,35.3333302428645,Finlandia,Europa del Norte,5.495303,238.77781879260783
FIN,2017,46085.0174739036,81.6317073170732,5508214,8.64,2.74723,9.19148445,46.6140130029768,0.754015047084438,38.1663150961701,Finlandia,Europa del Norte,5.508214,253.84613844000046
FIN,2018,49654.2497035329,81.7341463414634,5515525,7.361,2.77601,9.10587025,45.7410016651723,1.08382098409296,39.1492205860158,Finlandia,Europa del Norte,5.515525,273.8692555960783
FIN,2019,48358.1807773701,81.9829268292683,5521606,6.695,2.81534,9.22295189,46.4434231609614,1.02409392963431,40.6183181143561,Finlandia,Europa del Norte,5.521606,267.0148211294114
FIN,2020,48828.6846862799,81.9317073170732,5529543,7.759,2.93278,9.69977188,51.8681190177141,0.290554555653239,36.2143434283611,Finlandia,Europa del Norte,5.529543,270.0003116062262
FIN,2021,53099.1351400148,81.8853658536585,5541017,7.617,3.01133,9.90969753,52.9302986606029,2.19457432339998,39.9217732469328,Finlandia,Europa del Norte,5.541017,294.2232104961194
FIN,2022,50440.560224974,81.1878048780488,5556106,6.719,2.982,9.74152565,52.9302986606029,7.12350773301412,46.2847802806846,Finlandia,Europa del Norte,5.556106,280.25309930933935
FIN,2023,52864.6931581216,81.5853658536585,5583911,7.149,3.0938,10.47389507,52.9302986606029,6.25064322154763,42.7684474643322,Finlandia,Europa del Norte,5.583911,295.19174163725995
FIN,2024,53155.5451165897,82.3365853658537,5619911,8.4,3.0938,10.47389507,52.9302986606029,1.56568906231616,41.9032366762925,Finlandia,Europa del Norte,5.619911,298.72943271171874
FRA,2000,22340.5939516217,79.0560975609756,60918661,10.218,2.10066,9.61744022,13.7368998099838,1.67595988720928,29.7580489893129,Francia,Europa Occidental,60.918661,1360.9590694774927
FRA,2001,22331.7948343036,79.1585365853659,61364377,8.61,2.1494,9.75719261,14.9187032555093,1.63478079549599,29.4306035099419,Francia,Europa Occidental,61.364377,1370.3766772988586
FRA,2002,24144.5727019529,79.2609756097561,61812142,8.702,2.18758,10.08250141,12.456687350084,1.92341228727064,28.7307017592768,Francia,Europa Occidental,61.812142,1492.4277563824362
FRA,2003,29479.5222101175,79.1146341463415,62249855,8.306,2.13086,10.13474941,12.0654455064763,2.09847219146919,27.1369676673944,Francia,Europa Occidental,62.249855,1835.0959830490938
FRA,2004,33644.9282220364,80.1634146341463,62707588,8.914,2.10438,10.2117033,12.0693402873951,2.14208964640239,27.5381038597962,Francia,Europa Occidental,62.707588,2109.7922972370307
FRA,2005,34696.3718316971,80.1634146341463,63180854,8.882,2.05599,10.23720551,10.6198562305034,1.74586936380487,28.1635565257399,Francia,Europa Occidental,63.180854,2192.146403028167
FRA,2006,36431.5658906555,80.8121951219512,63622342,8.832,2.05331,10.39764977,11.790103484446,1.67512449608726,28.9278484836141,Francia,Europa Occidental,63.622342,2317.861544690819
FRA,2007,41486.1907828787,81.1121951219512,64016890,8.008,2.02815,10.33418846,12.560092879909,1.4879980595386,28.8585344688926,Francia,Europa Occidental,64.01689,2655.8169118665596
FRA,2008,45464.8181385158,81.2146341463415,64375116,7.386,2.06363,10.51340675,13.6874971680324,2.81286194914785,29.1990596782502,Francia,Europa Occidental,64.375116,2926.8029415858587
FRA,2009,41728.0884164132,81.4146341463415,64706436,9.122,2.21273,11.29095459,13.9254447917153,0.0876204781574653,25.8809482311608,Francia,Europa Occidental,64.706436,2700.075882518982
FRA,2010,40694.8211697025,81.6634146341463,65026211,9.279,2.17771,11.22430801,14.5810478721629,1.53112270420919,27.8264880915553,Francia,Europa Occidental,65.026211,2646.2300279883416
FRA,2011,43929.7840873812,82.1146341463415,65340830,9.228,2.18761,11.17601013,12.4090462949242,2.11159795175,29.538847336075,Francia,Europa Occidental,65.34083,2870.4085539902803
FRA,2012,40863.5814412333,81.9682926829268,65657659,9.841,2.22761,11.33749485,15.7356680451587,1.9541953161351,30.3556786527444,Francia,Europa Occidental,65.657659,2683.0070957872244
FRA,2013,42669.1795111893,82.219512195122,65997932,9.913,2.23369,11.37891197,17.9490525882191,0.863715497861804,30.5912853427773,Francia,Europa Occidental,65.997932,2816.0776078752647
FRA,2014,43148.0459288416,82.719512195122,66312067,10.273,2.27173,11.57935429,17.4240636120725,0.50775882293799,30.741812901515,Francia,Europa Occidental,66.312067,2861.236112552421
FRA,2015,36702.4323733379,82.3219512195122,66548272,10.354,2.22401,11.50032997,16.6912500883769,0.0375143805125182,31.6934947262689,Francia,Europa Occidental,66.548272,2442.483452642496
FRA,2016,37024.2157133669,82.5731707317073,66724104,10.057,2.22468,11.57036018,18.3954832584027,0.183334861123765,31.498210070063,Francia,Europa Occidental,66.724104,2470.4076197771274
FRA,2017,38687.1626407164,82.5756097560976,66918020,9.409,2.20422,11.44944572,17.3813942159824,1.03228275064681,32.311834044929,Francia,Europa Occidental,66.91802,2588.868323334713
FRA,2018,41418.1766484844,82.6756097560976,67158348,9.018,2.20407,11.30847645,20.4354555869103,1.85081508315493,32.9179818922164,Francia,Europa Occidental,67.158348,2781.5763208843887
FRA,2019,40408.2848574751,82.8268292682927,67382061,8.415,2.19668,11.17058277,20.6287000318508,1.10825492288294,32.8895429451147,Francia,Europa Occidental,67.382061,2722.7935151717634
FRA,2020,39169.8606000707,82.1756097560976,67601110,8.009,2.2742,12.12949371,24.3565688978964,0.476498852725065,28.5572228192655,Francia,Europa Occidental,67.60111,2647.9260551100456
FRA,2021,43725.0999521245,82.3243902439024,67842811,7.871,2.21278,12.24894238,22.8038733642766,1.64233141038394,31.2880499332105,Francia,Europa Occidental,67.842811,2966.433692008092
FRA,2022,40988.6396406579,82.1292682926829,68184457,7.303,2.21937,11.82888794,22.8038733642766,5.22236748369725,36.6160484268785,Francia,Europa Occidental,68.184457,2794.7881370669343
FRA,2023,44700.1384177544,82.8317073170732,68372286,7.335,2.17832,11.51974583,22.8038733642766,4.8783572650844,34.4562568778842,Francia,Europa Occidental,68.372286,3056.2506481382916
FRA,2024,46103.0840855884,82.9804878048781,68551653,7.4,2.17832,11.53530598,22.8038733642766,1.99904942291463,33.8897542343832,Francia,Europa Occidental,68.551653,3160.442622465079
GBR,2000,28383.8761094996,77.7414634146342,58892514,5.558,1.60963,7.14559078,3.35853650127696,1.18295624210408,25.5563430576261,Reino Unido,Europa Occidental,58.892514,1671.5978211529707
GBR,2001,28013.8729635508,77.9926829268293,59119673,4.696,1.59544,7.43276882,3.1110556694708,1.53234960272418,25.4493099773846,Reino Unido,Europa Occidental,59.119673,1656.171009068664
GBR,2002,30158.7017807858,78.1439024390244,59370479,5.037,1.61383,7.85946798,3.55820331262298,1.52040245947455,24.4315052325124,Reino Unido,Europa Occidental,59.370479,1790.536570743406
GBR,2003,34556.7726095905,78.4463414634146,59647577,4.807,1.58131,8.05214596,3.35310574136485,1.37650038542013,23.9686749011091,Reino Unido,Europa Occidental,59.647577,2061.22775510204
GBR,2004,40504.4118103928,78.7463414634146,59987905,4.594,1.53089,8.32219028,4.26119560223087,1.39039756680422,23.9845291728171,Reino Unido,Europa Occidental,59.987905,2429.774807762721
GBR,2005,42240.2462987547,79.0487804878049,60401206,4.884,1.55004,8.38108349,4.98749861932543,2.0891364902507,25.2070017509366,Reino Unido,Europa Occidental,60.401206,2551.3618181818197
GBR,2006,44695.161023424,79.2487804878049,60846820,5.472,1.57625,8.53970814,5.52730805825585,2.4556616643929,27.412859926391,Reino Unido,Europa Occidental,60.84682,2719.558417663296
GBR,2007,50629.0799172887,79.4487804878049,61322463,5.399,1.6183,8.76035309,5.93404211889756,2.38656150773327,25.4079803883281,Reino Unido,Europa Occidental,61.322463,3104.6998799519797
GBR,2008,47652.4030691881,79.6,61806995,5.748,1.60901,9.03295708,6.77161952616921,3.52140856342539,27.3794373670982,Reino Unido,Europa Occidental,61.806995,2945.2518382352932
GBR,2009,39009.3715547821,80.0512195121951,62276270,7.683,1.66991,9.83944035,7.78668294365861,1.96173173560109,26.7073659504747,Reino Unido,Europa Occidental,62.27627,2429.35815547593
GBR,2010,39778.3220528565,80.4024390243902,62766365,7.973,1.63887,9.78799534,7.66320959272708,2.49265472467065,28.7463664387355,Reino Unido,Europa Occidental,62.766365,2496.74068105714
GBR,2011,42295.9273835322,80.9512195121951,63258810,8.195,1.64681,9.79682636,10.3583881637057,3.8561124468282,31.2649218986254,Reino Unido,Europa Occidental,63.25881,2675.5900341286606
GBR,2012,42688.3263728372,80.9048780487805,63711000,8.279,1.57587,9.89332199,12.1419134027188,2.5732347965453,30.4995388300455,Reino Unido,Europa Occidental,63.711,2719.7159615398305
GBR,2013,43607.6636827371,81.0048780487805,64138000,7.752,1.62096,9.99087143,15.6690312872525,2.29166666666659,30.2076160154538,Reino Unido,Europa Occidental,64.138,2796.908333283392
GBR,2014,47746.9810645521,81.3048780487805,64619000,6.398,2.26488,9.97686195,19.9592553440347,1.45112016293279,28.5320090066163,Reino Unido,Europa Occidental,64.619,3085.362169410292
GBR,2015,45256.040227057,80.9560975609756,65087000,5.552,2.27566,9.94044876,25.4710311062464,0.36804684232536,27.8790736176463,Reino Unido,Europa Occidental,65.087,2945.579890258459
GBR,2016,41258.5374285695,81.1560975609756,65606000,4.909,2.32051,9.87085724,25.4852540875207,1.0084173681141,29.0615561502528,Reino Unido,Europa Occidental,65.606,2706.8076065387304
GBR,2017,40918.0520870944,81.2560975609756,65964000,4.501,2.32602,9.70468903,30.154491759748,2.55775577557747,30.9738310965649,Reino Unido,Europa Occidental,65.964,2699.1183878730953
GBR,2018,43704.3162296687,81.2560975609756,66287000,4.145,2.70889,9.79496574,33.7661243996114,2.29283990345938,31.854534000688,Reino Unido,Europa Occidental,66.287,2897.0280099160495
GBR,2019,43160.6843971799,81.3691219512195,66628000,3.657,2.6707,9.97954082,37.5205246899264,1.73810460086513,31.9028602803155,Reino Unido,Europa Occidental,66.628,2875.7100800153025
GBR,2020,40815.1255364787,80.331756097561,66740000,4.472,2.93993,12.10388088,43.8836758483445,0.989486703772491,29.9486520576829,Reino Unido,Europa Occidental,66.74,2724.0014783045885
GBR,2021,47695.6491523474,80.6473170731707,66978000,4.864,2.89968,12.08347321,40.1999760236135,2.51837109614213,29.2894071087705,Reino Unido,Europa Occidental,66.978,3194.5591889259244
GBR,2022,47034.7795621476,81.0112195121951,67636000,3.768,2.75224,11.09679794,40.1999760236135,7.92204883147902,34.0619283837069,Reino Unido,Europa Occidental,67.636,3181.2443504654157
GBR,2023,49919.6896621586,81.2380975609756,68526000,4.025,2.67614,10.99128914,40.1999760236135,6.79396706793963,31.9122697629938,Reino Unido,Europa Occidental,68.526,3420.79665378908
GBR,2024,53341.3131094262,81.3868536585366,69281000,4.361,2.67614,11.133358,40.1999760236135,3.2715729463592,31.0561435739375,Reino Unido,Europa Occidental,69.281,3695.5395135341564
GRC,2000,11638.2010697215,77.8878048780488,10805808,11.345,0.57753,7.51388931,8.4727819772301,3.1511816249383,24.0112579525333,Grecia,Europa del Sur,10.805808,125.76016622480513
GRC,2001,12156.9572824221,78.3878048780488,10862132,10.764,0.57753,8.24545956,6.62911514970952,3.37396832213867,23.1597595757815,Grecia,Europa del Sur,10.862132,132.0504747200301
GRC,2002,13782.195640943,78.6414634146341,10902022,10.346,0.57753,8.46998692,7.76461324348081,3.62935871878874,20.3831024226226,Grecia,Europa del Sur,10.902022,150.2538000858647
GRC,2003,18020.612039764,78.8414634146341,10928070,9.839,0.56163,8.68253994,11.0449624600229,3.53065027765552,18.8734923843085,Grecia,Europa del Sur,10.92807,196.9305098133838
GRC,2004,21449.2552764245,79.0390243902439,10955141,10.628,0.54073,8.30002213,10.8695278536043,2.8988481075817,20.6093109136223,Grecia,Europa del Sur,10.955141,234.9796158982244
GRC,2005,22054.1315756886,79.2390243902439,10987314,10.074,0.59224,8.76117897,11.6626124625125,3.54507273335078,20.9925302883149,Grecia,Europa del Sur,10.987314,242.31566861940541
GRC,2006,24416.0232970275,79.4390243902439,11020362,8.906,0.57051,8.39596939,13.6366612380529,3.19594684144545,20.7749728037536,Grecia,Europa del Sur,11.020362,269.07341533367656
GRC,2007,28440.7625328955,79.4390243902439,11048473,8.351,0.58513,8.52304935,8.47272269119315,2.89500321516578,21.7481874684459,Grecia,Europa del Sur,11.048473,314.22699694410755
GRC,2008,31695.8331092209,79.9390243902439,11077841,7.664,0.67086,8.948102,10.333542486941,4.15279708110293,22.7847919983615,Grecia,Europa del Sur,11.077841,351.1213995464848
GRC,2009,29425.4573200263,80.1878048780488,11107017,9.546,0.63414,9.53581333,13.7459732637757,1.21007269197809,18.7298820095072,Grecia,Europa del Sur,11.107017,326.82905468630656
GRC,2010,26653.0488008626,80.3878048780488,11121341,12.719,0.60491,9.61952496,18.3954707778068,4.71298907760388,21.7288294018439,Grecia,Europa del Sur,11.121341,296.41764440403404
GRC,2011,25504.7866510124,80.7317073170732,11104899,17.973,0.6837,9.18577003,14.1459048388182,3.3298532335065,25.3075993531569,Grecia,Europa del Sur,11.104899,283.22807977604094
GRC,2012,21624.346052551,80.6341463414634,11045011,24.731,0.71953,9.04327774,16.9602355681688,1.50152696177758,28.9658220302701,Grecia,Europa del Sur,11.045011,238.84114001823238
GRC,2013,21573.3449762805,81.2853658536585,10965211,27.686,0.82288,8.52183914,25.1734497480403,-0.921269454256994,30.3271984442629,Grecia,Europa del Sur,10.965211,236.55627964070567
GRC,2014,21474.7257123892,81.3853658536585,10892413,26.708,0.84553,7.94358587,24.3841185560883,-1.31226096405506,32.5150455771625,Grecia,Europa del Sur,10.892413,233.9115815210624
GRC,2015,17980.7298238137,81.0365853658537,10820883,24.981,0.9716,8.26719952,28.7272622122836,-1.73588804765284,32.1863593046186,Grecia,Europa del Sur,10.820883,194.56737367809868
GRC,2016,17919.2426377048,81.3878048780488,10775971,23.514,1.00556,8.45097542,27.3986920900841,-0.825653978390973,31.179360220916,Grecia,Europa del Sur,10.775971,193.09723900587042
GRC,2017,18631.9930129293,81.2878048780488,10754679,21.413,1.1492,8.11336899,25.1118409148482,1.12125452031419,34.7793593671863,Grecia,Europa del Sur,10.754679,200.38110398429745
GRC,2018,19873.4015238771,81.7878048780488,10732882,19.179,1.2066,8.07267761,30.3497427809695,0.62562141345364,38.6308100555801,Grecia,Europa del Sur,10.732882,213.2988734943931
GRC,2019,19335.3602002969,81.6390243902439,10721582,17.045,1.26236,8.11709499,33.2085098506972,0.253007522038157,39.5602885530263,Grecia,Europa del Sur,10.721582,207.30564988701963
GRC,2020,17886.733165236,81.2878048780488,10698599,15.899,1.48872,9.38074493,36.5812314770678,-1.24798355581405,31.4504324884115,Grecia,Europa del Sur,10.698599,191.36298555486073
GRC,2021,20652.89659591,80.0829268292683,10570130,14.656,1.43353,9.03178692,40.5640135246276,1.22382501019854,40.260408549747,Grecia,Europa del Sur,10.57013,218.30380189532613
GRC,2022,20884.6773436263,80.7878048780488,10437805,12.426,1.47714,8.44938278,40.5640135246276,9.64525981280632,49.2316205589503,Grecia,Europa del Sur,10.437805,217.9901896006893
GRC,2023,23343.7103964562,81.7365853658537,10407351,11.023,1.4943,8.39367008,40.5640135246276,3.46480128513405,43.8388384656123,Grecia,Europa del Sur,10.407351,242.94618773826883
GRC,2024,24626.1481858973,81.8390243902439,10405134,10.02,1.4943,8.39367008,40.5640135246276,2.74101875679486,42.1116783220502,Grecia,Europa del Sur,10.405134,256.2383717781183
HRV,2000,4953.57515008131,72.8078048780488,4468302,16.064,1.04221,7.65084314,57.3725733534261,4.61131554737801,35.0886709785103,Croacia,Europa del Este,4.468302,22.134069750258618
HRV,2001,5364.88188501029,74.5129268292683,4299642,15.822,0.91745,7.16995239,56.3549067062222,3.77670246665889,37.1330952011182,Croacia,Europa del Este,4.299642,23.067071477829415
HRV,2002,6219.56093667781,74.7173170731707,4302174,15.053,0.94088,6.14300489,46.3388662699655,1.67178437393384,35.8907304661272,Croacia,Europa del Este,4.302174,26.757633353190922
HRV,2003,8189.99059314699,74.6139024390244,4303399,13.924,0.94098,6.29782534,41.6397524901902,1.76733780760629,35.5457842539397,Croacia,Europa del Este,4.303399,35.244797328558164
HRV,2004,9718.92771524605,75.520243902439,4304600,13.664,1.02048,6.5067997,55.2230164403145,2.05539679050328,36.5623048791366,Croacia,Europa del Este,4.3046,41.83609624304815
HRV,2005,10443.4484003498,75.2446341463415,4310145,12.598,0.84799,6.84068108,54.4332168363471,3.31717824448043,36.4030844918604,Croacia,Europa del Este,4.310145,45.01277690552569
HRV,2006,11501.2327422844,75.8368292682927,4311159,11.13,0.73228,6.90362167,51.8969878132904,3.18982591472949,37.546214231451,Croacia,Europa del Este,4.311159,49.583643047994066
HRV,2007,13755.8149054063,75.7056097560976,4310217,9.909,0.78328,7.38946152,38.6080730191203,2.89928275583389,37.4647496648329,Croacia,Europa del Este,4.310217,59.290547254135625
HRV,2008,15888.1184388903,75.9121951219512,4309705,8.53,0.87629,7.63643503,46.1647661158948,6.07696838798352,35.9746536354849,Croacia,Europa del Este,4.309705,68.47310347667772
HRV,2009,14474.52513863,76.1682926829268,4305181,9.202,0.82999,8.03311729,56.2489037532516,2.37852845904671,32.1015287508114,Croacia,Europa del Este,4.305181,62.31545061085224
HRV,2010,13729.7472872883,76.4756097560976,4295427,11.62,0.72875,7.94908857,63.1097839216213,1.03055505333576,35.5033044103763,Croacia,Europa del Este,4.295427,58.975127200994926
HRV,2011,14691.591757962,76.7756097560976,4280622,13.678,0.73493,7.62508154,47.6385298514024,2.27272727272722,38.0508643396268,Croacia,Europa del Este,4.280622,62.88915089415081
HRV,2012,13507.6349882758,77.1682926829268,4260368,16.046,0.73545,7.63413,50.4309623430962,3.41207349081368,38.7042039695475,Croacia,Europa del Este,4.260368,57.547495859730596
HRV,2013,14135.0903485872,77.5707317073171,4233922,17.231,0.79163,6.37271595,66.7575434101907,2.21658206429779,39.4700634681106,Croacia,Europa del Este,4.233922,59.846869998871014
HRV,2014,14186.7712230471,77.7243902439024,4201598,17.209,0.76744,6.56612396,74.1792828685259,-0.215196159576176,42.4177587590265,Croacia,Europa del Este,4.201598,59.60710959721225
HRV,2015,12283.8750299177,77.2756097560976,4151725,16.15,0.82388,6.65548038,67.3059721126019,-0.464499004645003,45.4314058216943,Croacia,Europa del Este,4.151725,50.999271058585066
HRV,2016,12820.1872746645,77.9219512195122,4106867,13.015,0.84569,6.69167471,66.8353354134165,-1.12500000000002,46.6194340495312,Croacia,Europa del Este,4.106867,52.65080405213957
HRV,2017,13901.6498657787,77.7268292682927,4041407,11.078,0.84354,6.62803125,61.0531586414087,1.12937210282347,48.9161907825947,Croacia,Europa del Este,4.041407,56.18222507910709
HRV,2018,15460.4560798984,77.919512195122,3988775,8.322,0.94608,6.7136178,72.3740004401731,1.50012501041747,49.1104429591895,Croacia,Europa del Este,3.988775,61.66828070009674
HRV,2019,15563.7354996625,78.2243902439024,3949390,6.551,1.07723,6.78699923,66.2484326018809,0.771820346498112,50.4917495355699,Croacia,Europa del Este,3.94939,61.467261345012076
HRV,2020,14807.5559227544,77.5243902439024,3914206,7.389,1.23536,7.68352938,64.9876727680239,0.154811374562106,41.2797572126754,Croacia,Europa del Este,3.914206,57.95982423818081
HRV,2021,17788.7601163765,76.4243902439025,3878981,7.483,1.24187,8.08265686,69.8809993425378,2.55450699642041,49.7866067908747,Croacia,Europa del Este,3.878981,69.00226250498223
HRV,2022,18465.531473659,77.5756097560976,3855641,6.811,1.41896,7.29636335,69.8809993425378,10.7805806758686,59.5122239805954,Croacia,Europa del Este,3.855641,71.19646023663006
HRV,2023,22183.4982258492,78.4731707317073,3859686,6.121,1.38621,7.14699411,69.8809993425378,7.94128177586822,52.5673730204834,Croacia,Europa del Este,3.859686,85.621337533335
HRV,2024,24049.9441746337,78.9292682926829,3866200,5.0,1.38621,7.14699411,69.8809993425378,2.97200477643626,50.1414353064432,Croacia,Europa del Este,3.8662,92.98189416796882
HUN,2000,4629.91760812548,71.2463414634146,10210971,6.563,0.78999,6.76979256,0.690517461851041,9.80361016908125,66.7818415655251,Hungría,Europa del Este,10.210971,47.27595442895864
HUN,2001,5280.94887987063,72.2487804878049,10187576,5.671,0.91225,6.8197937,0.705753123712756,9.11680911680911,64.7946703854209,Hungría,Europa del Este,10.187576,53.800068065796914
HUN,2002,6658.04494326809,72.3487804878049,10158608,5.608,0.98314,7.1181159,0.655474735182676,5.26544821583985,58.0673383688733,Hungría,Europa del Este,10.158608,67.63646862504277
HUN,2003,8410.09248198479,72.3,10129552,5.79,0.91985,8.12986469,0.98403865866159,4.66101694915254,56.3436633595853,Hungría,Europa del Este,10.129552,85.19046912107399
HUN,2004,10291.2694721409,72.6487804878049,10107146,5.832,0.86077,7.76592064,2.77450456864839,6.74434679569469,59.5641177697341,Hungría,Europa del Este,10.107146,104.01536308027102
HUN,2005,11212.2046968994,72.6487804878049,10087065,7.189,0.92043,7.99248505,5.23059067009733,3.56151711378352,62.5215212771297,Hungría,Europa del Este,10.087065,113.09823757092956
HUN,2006,11478.4891640501,73.0975609756098,10071370,7.494,0.97835,7.78556442,4.16383613597702,3.93032603841001,73.8064864785301,Hungría,Europa del Este,10.07137,115.60411141213925
HUN,2007,13934.605460375,73.1512195121951,10055780,7.406,0.95488,7.20719147,4.71293793793794,7.9587451654491,77.8221656386034,Hungría,Europa del Este,10.05578,140.1233268963297
HUN,2008,15762.6322515113,73.7024390243903,10038188,7.817,0.97817,7.09275723,5.88714553404122,6.0425125388106,79.2039448630126,Hungría,Europa del Este,10.038188,158.2282659155337
HUN,2009,13051.1831777184,73.9048780487805,10022650,10.03,1.13027,7.2366724,8.06190820986967,4.21171171171171,74.3529496218046,Hungría,Europa del Este,10.02265,130.8074410761593
HUN,2010,13189.8433874768,74.2073170731707,10000023,11.172,1.13102,7.46420383,8.08118594632201,4.85555795691956,81.2535035455015,Hungría,Europa del Este,10.000023,131.89873724116592
HUN,2011,14211.460557822,74.8585365853659,9971727,11.029,1.18116,7.49342251,7.51869846469919,3.9299209893507,86.1931503181868,Hungría,Europa del Este,9.971727,141.71280495386867
HUN,2012,12950.1594488143,75.0634146341463,9920362,11.003,1.25758,7.43047714,7.63920889273856,5.65214517088646,86.0876097061215,Hungría,Europa del Este,9.920362,128.47026968995831
HUN,2013,13739.4620151401,75.5658536585366,9872734,10.177,1.38449,7.23645353,9.20069980854295,1.73319984983101,85.3937852070622,Hungría,Europa del Este,9.872734,135.64605377858217
HUN,2014,14352.501883174,75.7634146341463,9833038,7.725,1.3437,7.04192352,10.7166615651464,-0.227566270988219,87.0271641102673,Hungría,Europa del Este,9.833038,141.1286964123215
HUN,2015,12782.9412577973,75.5682926829269,9797755,6.813,1.33884,6.8501935,10.6358036890646,-0.0616446800641672,87.4348841373907,Hungría,Europa del Este,9.797755,125.24412662328977
HUN,2016,13215.8605277789,76.0634146341464,9759755,5.115,1.17645,6.96752644,10.2125572064447,0.394769306686392,86.1114634598119,Hungría,Europa del Este,9.759755,128.98356086529276
HUN,2017,14736.1668157258,75.8170731707317,9726756,4.156,1.31498,6.73338366,10.5726872246696,2.34824281150154,85.7461533449483,Hungría,Europa del Este,9.726756,143.33509899186183
HUN,2018,16605.0570511887,76.0658536585366,9706964,3.667,1.50196,6.55460501,11.7441606636106,2.85024792594646,83.3967795001256,Hungría,Europa del Este,9.706964,161.1846910138349
HUN,2019,17012.8598553199,76.3195121951219,9694824,3.411,1.46473,6.24677849,13.6770581202065,3.33858635382008,81.065700696964,Hungría,Europa del Este,9.694824,164.9366820339919
HUN,2020,16386.9308821258,75.419512195122,9670419,4.248,1.58067,7.230515,15.828800458059,3.32674385766738,78.0879317443048,Hungría,Europa del Este,9.670419,158.46848775419608
HUN,2021,19030.628130329,74.0658536585366,9630932,4.021,1.63327,7.33524847,19.1445182724252,5.11096534382855,79.4114343821378,Hungría,Europa del Este,9.630932,183.28268544048575
HUN,2022,18428.028825614,75.8682926829268,9605074,3.583,1.39056,6.6474123,19.1445182724252,14.6081439492433,89.810135261602,Hungría,Europa del Este,9.605074,177.0025805441556
HUN,2023,22208.6509820466,76.5707317073171,9592186,4.096,1.37748,6.36868954,19.1445182724252,17.1249659678737,81.3874893501556,Hungría,Europa del Este,9.592186,213.02951102887366
HUN,2024,23305.4482514359,76.7243902439025,9562065,4.5,1.37748,6.36868954,19.1445182724252,3.70370370370369,76.1979120113902,Hungría,Europa del Este,9.562065,222.84821103436641
IRL,2000,26334.5672050501,76.5365853658537,3805174,4.318,1.08383,5.8990283,6.21299307814194,5.57763269940387,94.3894347338897,Irlanda,Europa Occidental,3.805174,100.20761042990932
IRL,2001,28282.409882073,77.1341463414634,3866243,3.684,1.05194,6.39249372,5.41244341172229,4.85280279607477,95.2243726376591,Irlanda,Europa Occidental,3.866243,109.34666922969555
IRL,2002,32705.4345565698,77.6341463414634,3931947,4.216,1.05575,6.67263031,6.8806793381215,4.62820512820515,90.449466813067,Irlanda,Europa Occidental,3.931947,128.59603528840094
IRL,2003,41203.5295847568,78.1390243902439,3996521,4.478,1.12435,7.00761414,5.93038928090066,3.49221909079765,80.8405847264703,Irlanda,Europa Occidental,3.996521,164.67077125960185
IRL,2004,47754.2023194244,78.5390243902439,4070262,4.491,1.17778,7.21972942,6.8337307947926,2.17854605730523,80.4755660009134,Irlanda,Europa Occidental,4.070262,194.372115041065
IRL,2005,50933.0216095589,78.9439024390244,4159914,4.237,1.19197,7.64242792,8.53216869324303,2.45654692931639,79.5276864075247,Irlanda,Europa Occidental,4.159914,211.87698965590658
IRL,2006,54329.1618599624,79.2414634146342,4273591,4.355,1.19887,7.51646996,10.3197847742311,3.93576114001354,79.0346632772547,Irlanda,Europa Occidental,4.273591,232.18061716227857
IRL,2007,61396.417461176,79.6414634146341,4398942,4.98,1.23409,7.80773735,10.9654824454574,4.88574537540802,80.8367880723601,Irlanda,Europa Occidental,4.398942,270.0792794195005
IRL,2008,61353.1065629523,80.0951219512195,4489544,6.774,1.39126,9.12564754,12.9646713111236,4.03568834941391,84.3332733545791,Irlanda,Europa Occidental,4.489544,275.4474714510631
IRL,2009,52133.0906162544,80.190243902439,4535375,12.609,1.61371,10.52275753,15.7656057241549,-4.44754686876746,93.5561576841509,Irlanda,Europa Occidental,4.535375,236.4431158536948
IRL,2010,48623.9666422487,80.7439024390244,4560155,14.534,1.59425,10.52062798,13.7527729849643,-0.918388645376774,103.327078355769,Irlanda,Europa Occidental,4.560155,221.7328246034836
IRL,2011,52613.8540355689,80.7463414634146,4580084,15.354,1.53761,10.4888649,19.9133132618593,2.5489783020855,102.41088550995,Irlanda,Europa Occidental,4.580084,240.97587104664453
IRL,2012,49335.8408099555,80.8463414634146,4599533,15.451,1.5455,10.47466946,19.941103533788,1.69474116680366,103.821695189581,Irlanda,Europa Occidental,4.599533,226.92182788813705
IRL,2013,52537.6108648692,80.9487804878049,4623816,13.735,1.53562,10.0333004,22.974879784574,0.515099484900573,109.746480737327,Irlanda,Europa Occidental,4.623816,242.92424571875605
IRL,2014,57214.5379785709,81.3487804878049,4657740,11.858,1.47756,9.23077869,25.4903706534199,0.190916398713745,115.097265448513,Irlanda,Europa Occidental,4.65774,266.49044212430886
IRL,2015,64250.1385181257,81.4536585365854,4701957,9.908,1.14062,7.07827806,28.5989753307366,-0.330959783371788,126.687521960845,Irlanda,Europa Occidental,4.701957,302.10138855627076
IRL,2016,64129.5571542383,81.6536585365854,4762722,8.374,1.14954,7.3382206,25.4968150785614,0.0201247735963237,129.178433843871,Irlanda,Europa Occidental,4.762722,305.4312527087481
IRL,2017,72161.4047531385,82.1560975609756,4827445,6.713,1.20821,6.91718578,29.3129335096945,0.362173038229378,128.496270792904,Irlanda,Europa Occidental,4.827445,348.35521256851473
IRL,2018,80804.1123164826,82.2048780487805,4898022,5.741,1.08244,6.74710846,33.383688215359,0.471130713712916,125.968715436882,Irlanda,Europa Occidental,4.898022,395.78031981660274
IRL,2019,81827.6688873996,82.7024390243903,4976456,4.95,1.13733,6.61860561,38.7059541788503,0.937842961189274,131.224509342169,Irlanda,Europa Occidental,4.976456,407.21179380071305
IRL,2020,86514.0706108754,82.4560975609756,5039747,5.623,1.12466,6.97323275,42.3895067623772,-0.326183651280033,139.811889906845,Irlanda,Europa Occidental,5.039747,436.00902781894746
IRL,2021,103783.446284479,82.2536585365854,5110585,6.357,1.0732,6.44113493,37.1541775946047,2.34034113447044,136.397670222851,Irlanda,Europa Occidental,5.110585,530.3941238297641
IRL,2022,105190.685952731,82.509756097561,5212836,4.465,1.53215,6.02078247,37.1541775946047,7.82945736434105,139.505980538698,Irlanda,Europa Occidental,5.212836,548.3417945990905
IRL,2023,106818.917130804,82.8073170731707,5311538,4.243,1.58829,6.57538509,37.1541775946047,6.29942487419125,136.52636667411,Irlanda,Europa Occidental,5.311538,567.3727374591164
IRL,2024,112894.953240805,83.009756097561,5395790,4.3,1.58829,6.85410833,37.1541775946047,2.11344999577317,143.984601661031,Irlanda,Europa Occidental,5.39579,609.1574597472032
ISL,2000,32503.578963236,79.6536585365854,281205,1.936,2.57201,8.89924335,99.934929724102,5.13647123245144,31.7273810393269,Islandia,Europa del Norte,0.281205,9.140168922356779
ISL,2001,29208.1981853568,80.690243902439,284968,1.874,2.83989,8.75266171,99.9502054027138,6.40508550386868,36.5477872856168,Islandia,Europa del Norte,0.284968,8.323401820484756
ISL,2002,32749.379004627,80.5024390243903,287523,2.988,2.8212,9.40382481,99.9287072243346,5.1970223021663,35.1463090802713,Islandia,Europa del Norte,0.287523,9.416199699547368
ISL,2003,39944.2104095591,80.9634146341464,289521,3.997,2.7055,9.72930241,99.9294117647059,2.05566329753744,32.2403289586041,Islandia,Europa del Norte,0.289521,11.56468774198596
ISL,2004,47809.6073050042,80.9975609756098,292074,4.031,2.7055,9.32854366,99.961962194132,3.15819324298459,32.088197176866,Islandia,Europa del Norte,0.292074,13.963943244001797
ISL,2005,57783.7745608117,81.5024390243902,296734,2.547,2.67969,8.94694996,99.9457748100391,3.98704782806593,29.8388266002361,Islandia,Europa del Norte,0.296734,17.146410560527897
ISL,2006,58172.1426656622,81.1585365853659,303782,2.83,2.85265,8.55709076,99.9725047839662,6.68707906136667,30.0505516067517,Islandia,Europa del Norte,0.303782,17.671649843260195
ISL,2007,70483.0117228535,81.4536585365854,311566,2.251,2.53294,8.3535862,99.9857202505219,5.05155736492143,32.3800963432929,Islandia,Europa del Norte,0.311566,21.960110030442575
ISL,2008,57489.3399795216,81.609756097561,317414,2.946,2.46413,8.34370804,99.9884010445133,12.6943942775877,39.9176741920411,Islandia,Europa del Norte,0.317414,18.24792136025987
ISL,2009,41483.7843682814,81.7512195121951,318499,7.22,2.59713,8.77518463,99.9906736366877,12.0031298461743,48.5054584912388,Islandia,Europa del Norte,0.318499,13.212543837513257
ISL,2010,43776.4677400475,81.8975609756097,318041,7.564,2.59713,8.36173058,99.9906207866815,5.39673113167484,51.1491601324862,Islandia,Europa del Norte,0.318041,13.922711576512446
ISL,2011,48254.953927254,82.3585365853659,319014,7.028,2.40366,8.25498867,99.9843123583755,4.0010266434312,53.9573436152604,Islandia,Europa del Norte,0.319014,15.394005872149007
ISL,2012,46594.9869146614,82.9170731707317,320716,6.0,2.40366,8.23091221,99.9861530571543,5.18589988750698,54.1844944218018,Islandia,Europa del Norte,0.320716,14.943757823322546
ISL,2013,50173.3360061057,82.0609756097561,323764,5.376,1.69237,8.22651291,99.9741664826673,3.8722792374824,52.8240993487182,Islandia,Europa del Norte,0.323764,16.24431995868081
ISL,2014,55140.364935793,82.8609756097561,327386,4.897,1.93616,8.29044247,99.9873089444353,2.04461481539342,50.913700514178,Islandia,Europa del Norte,0.327386,18.052183514869526
ISL,2015,53505.6964079339,82.4682926829268,330815,3.979,2.18137,8.13121986,99.9873929464333,1.63305558181335,51.3347744437234,Islandia,Europa del Norte,0.330815,17.700486957190655
ISL,2016,62854.0906407932,82.2048780487805,335439,2.978,2.11011,8.15569115,99.9936388140162,1.69692761997734,47.4890230949667,Islandia,Europa del Norte,0.335439,21.083713310457032
ISL,2017,72976.3729990975,82.6609756097561,343400,2.742,2.08365,8.3243084,99.9936388140162,1.76041559180605,45.671087862199,Islandia,Europa del Norte,0.3434,25.06008648789008
ISL,2018,75633.8651351915,82.8609756097561,352721,2.704,2.00081,8.43817616,99.9936388140162,2.68291768267392,46.4719173832948,Islandia,Europa del Norte,0.352721,26.677652544349883
ISL,2019,69296.3144361601,83.1634146341463,360563,3.507,2.34018,8.63996315,99.9936388140162,3.01397179156061,44.7138622775299,Islandia,Europa del Norte,0.360563,24.98568702204519
ISL,2020,60127.9393575616,83.0634146341463,366463,5.478,2.4864,9.64908886,99.9936388140162,2.84792401518657,34.1387322744214,Islandia,Europa del Norte,0.366463,22.034665040790095
ISL,2021,70425.4064277273,83.1658536585366,372520,6.029,2.78171,9.72073746,99.9936388140162,4.44423970189746,37.3649519241173,Islandia,Europa del Norte,0.37252,26.234872402456975
ISL,2022,76376.9599334915,82.119512195122,382003,3.789,2.60089,9.08145332,99.9936388140162,8.30875511558912,46.7254010467249,Islandia,Europa del Norte,0.382003,29.176227825473553
ISL,2023,82201.2908518078,82.4560975609756,385663,3.518,2.64005,8.70510101,99.9936388140162,8.73630299937298,43.9745925950012,Islandia,Europa del Norte,0.385663,31.701996433780753
ISL,2024,85863.1479330343,82.809756097561,386506,3.6,2.64005,8.98358727,99.9936388140162,5.85683849970072,42.457252735894,Islandia,Europa del Norte,0.386506,33.186621855005356
ITA,2000,20190.0035636084,79.7780487804878,56942108,10.834,1.00104,7.54701233,20.8138489956297,2.53768532095002,25.5611956255751,Italia,Europa del Sur,56.942108,1149.6613634393743
ITA,2001,20570.4385917862,80.1268292682927,56976981,9.599,1.03714,7.71115828,22.0289920002294,2.78516542713554,25.5610801918444,Italia,Europa del Sur,56.976981,1172.041488805869
ITA,2002,22451.3964379368,80.2292682926829,57089824,9.211,1.07704,7.83638906,19.6507978238618,2.46532319171165,24.3126948188163,Italia,Europa del Sur,57.089824,1281.7462711960388
ITA,2003,27577.5700319855,79.9829268292683,57399184,8.869,1.05539,7.80670929,18.5354663744879,2.6725555277285,23.2240496903642,Italia,Europa del Sur,57.399184,1582.9300165388215
ITA,2004,31348.1901841445,80.7804878048781,57828179,7.866,1.04662,8.13726902,20.2534259445454,2.20673661423657,23.9268409466402,Italia,Europa del Sur,57.828179,1812.8087532947509
ITA,2005,32062.723833669,80.7829268292683,58166682,7.73,1.04057,8.30906773,18.2074850427562,1.9852929852798,24.5118533579183,Italia,Europa del Sur,58.166682,1864.9822612868454
ITA,2006,33537.1286994269,81.2829268292683,58399861,6.777,1.07903,8.39791012,18.1659869922737,2.09084391012754,26.0530628243151,Italia,Europa del Sur,58.399861,1958.563654385642
ITA,2007,37826.1754554823,81.4341463414634,58756247,6.076,1.12421,8.10167217,17.006690305747,1.82974112202403,27.2450545395013,Italia,Europa del Sur,58.756247,2222.5241081276554
ITA,2008,40828.5795580937,81.4853658536585,59211181,6.723,1.15548,8.50157547,19.9805533795005,3.34783258401022,26.7427615964483,Italia,Europa del Sur,59.211181,2417.508414187186
ITA,2009,37099.6133958219,81.6365853658537,59555454,7.749,1.21261,8.91290951,25.1354194075294,0.774768131387381,22.2771595955525,Italia,Europa del Sur,59.555454,2209.484319012655
ITA,2010,35856.8625485539,82.0365853658537,59819407,8.363,1.21296,8.87928963,26.5708511138405,1.52551602118248,24.9186514223879,Italia,Europa del Sur,59.819407,2144.936254535003
ITA,2011,38432.3742820019,82.1878048780488,60026841,8.359,1.19531,8.728508,28.058229036192,2.78063272879323,26.5629866543354,Italia,Europa del Sur,60.026841,2306.9740202782173
ITA,2012,34854.3949441965,82.2390243902439,60191247,10.655,1.25559,8.7983427,31.4795423637633,3.04136333226775,27.9851870768453,Italia,Europa del Sur,60.191247,2097.929495121683
ITA,2013,35701.6746002376,82.690243902439,60311613,12.149,1.29425,8.7897644,39.3087237669337,1.21999342274306,28.177442406394,Italia,Europa del Sur,60.311613,2153.22558194146
ITA,2014,36028.3494022349,83.090243902439,60320707,12.683,1.33148,8.85913563,43.7427339034475,0.241047429826756,28.6224027363532,Italia,Europa del Sur,60.320707,2173.2555079858366
ITA,2015,30639.8829751432,82.5439024390244,60229605,11.896,1.33213,8.84596729,38.993960981367,0.0387903996579733,29.144111052532,Italia,Europa del Sur,60.229605,1845.4280488390996
ITA,2016,31391.5692898108,83.2439024390244,60115223,11.688,1.35915,8.72043991,37.9132682465567,-0.09401665691575,28.7987488919157,Italia,Europa del Sur,60.115223,1887.1111881769277
ITA,2017,32844.115660604,82.9463414634147,60002252,11.211,1.36393,8.69060516,35.7422506169084,1.22653316645812,30.1398859152774,Italia,Europa del Sur,60.002252,1970.7209045847078
ITA,2018,35062.3364176949,83.3463414634146,59877221,10.538,1.41934,8.65467453,40.0899112209535,1.13748763600391,30.8135072735991,Italia,Europa del Sur,59.877221,2099.435266458666
ITA,2019,33812.788724868,83.4975609756098,59729081,9.884,1.45558,8.61536789,40.0521927630482,0.611246943765304,30.9498739181942,Italia,Europa del Sur,59.729081,2019.6067965835273
ITA,2020,32091.4866621366,82.1951219512195,59438851,9.192,1.49869,9.5643034,42.3735273463539,-0.13770757391651,28.7258551870199,Italia,Europa del Sur,59.438851,1907.481094079225
ITA,2021,36852.5425414951,82.6463414634146,59133173,9.497,1.41065,9.28164482,40.9735703240403,1.87378325762481,31.1716088630092,Italia,Europa del Sur,59.133173,2179.2077735960897
ITA,2022,35653.9042103495,82.7,59013667,8.069,1.36563,8.85022926,40.9735703240403,8.20128991161718,35.0991400412578,Italia,Europa del Sur,59.013667,2104.067630319463
ITA,2023,39279.699782164,83.3512195121951,58984216,7.627,1.37935,8.40559483,40.9735703240403,5.62219442195901,33.3293695692309,Italia,Europa del Sur,58.984216,2316.8822963663147
ITA,2024,40429.6224047352,83.9512195121951,58952704,6.5,1.37935,8.44437313,40.9735703240403,0.982373023061417,32.3350686402627,Italia,Europa del Sur,58.952704,2383.4355624581226
LTU,2000,3300.63634928559,72.0195121951219,3499536,15.931,0.58422,6.18559313,5.63676148796499,0.981615478857598,38.5073296446036,Lituania,Europa del Norte,3.499536,11.550695727233496
LTU,2001,3532.52787363242,71.6585365853659,3470818,16.84,0.66634,6.00193262,4.77030603243537,1.36712030817819,44.0129576744504,Lituania,Europa del Norte,3.470818,12.260761329305128
LTU,2002,4148.13091485015,71.7609756097561,3443067,13.008,0.65651,6.13477659,4.42977258619717,0.281506610345575,47.3290677050394,Lituania,Europa del Norte,3.443067,14.282292664600359
LTU,2003,5507.47434187652,72.0609756097561,3415213,12.874,0.66316,6.17724085,5.09031198686371,-1.13430854990247,46.1534641761834,Lituania,Europa del Norte,3.415213,18.809197969543135
LTU,2004,6734.57487061946,71.9609756097561,3377075,10.684,0.74758,5.48347187,4.92891978831587,1.16410252104671,48.5233385442616,Lituania,Europa del Norte,3.377075,22.74316443119721
LTU,2005,7857.03148786492,71.2536585365854,3322528,8.325,0.74799,5.64637566,5.60741341991342,2.65848484065262,55.1137769337009,Lituania,Europa del Norte,3.322528,26.105207115312854
LTU,2006,9210.10118229413,71.0560975609756,3269909,5.78,0.79381,5.85725737,6.72969075468675,3.73912004060664,57.1650712091213,Lituania,Europa del Norte,3.269909,30.116192746894214
LTU,2007,12295.1212779366,70.9,3231294,4.25,0.80111,5.75978613,7.98172342400228,5.73717382799842,51.6005785480117,Lituania,Europa del Norte,3.231294,39.72915161466887
LTU,2008,14955.5345462921,71.8121951219512,3198231,5.826,0.78876,6.29010201,8.53942356069863,10.9258856241655,57.5807261343907,Lituania,Europa del Norte,3.198231,47.83125420752233
LTU,2009,11854.3711053096,72.9146341463415,3162916,13.785,0.82848,7.34499836,9.1098450319052,4.45304456518535,51.6425313966986,Lituania,Europa del Norte,3.162916,37.49438003892142
LTU,2010,11829.122609457,73.2682926829268,3097282,17.814,0.79379,6.9058671,28.9805183510176,1.31921362055463,64.7985134455831,Lituania,Europa del Norte,3.097282,36.638128534064194
LTU,2011,14261.8433787325,73.5634146341464,3028115,15.39,0.90998,6.54017687,35.011820821236,4.13027562645085,73.4692169559065,Lituania,Europa del Norte,3.028115,43.186501862790564
LTU,2012,14288.1853493139,73.8634146341464,2989139,13.365,0.8976,6.30798101,33.6506047987309,3.08998277055417,78.6260683563339,Lituania,Europa del Norte,2.989139,42.7093720668628
LTU,2013,15636.5252586048,73.9146341463415,2961250,11.77,0.95322,6.15501022,43.5531289374213,1.04747937065344,79.0419385750891,Lituania,Europa del Norte,2.96125,46.303660422043464
LTU,2014,16446.1647181663,74.5170731707317,2937253,10.698,1.03495,6.22244453,50.0341141687514,0.103758009433708,72.6102123944686,Lituania,Europa del Norte,2.937253,48.30654665692811
LTU,2015,14269.8039878287,74.3219512195122,2911109,9.12,1.04077,6.47396851,47.699168862761,-0.884097405500596,68.6043807818409,Lituania,Europa del Norte,2.911109,41.54095481720402
LTU,2016,14934.2702840428,74.6707317073171,2877325,7.862,0.84391,6.64928818,62.9395218002813,0.905525075460342,67.7094248902699,Lituania,Europa del Norte,2.877325,42.970749245033446
LTU,2017,16800.1510246099,75.4804878048781,2842639,7.073,0.8963,6.44472837,74.4411272987819,3.72288862303707,73.6063406090345,Lituania,Europa del Norte,2.842639,47.75676450844606
LTU,2018,19247.2315367967,75.6804878048781,2819200,6.147,0.92781,6.46896172,77.8467673027627,2.69792779208394,74.5295191317116,Lituania,Europa del Norte,2.8192,54.26179514853725
LTU,2019,19608.7943945553,76.2829268292683,2811089,6.255,0.98701,6.94472647,77.3457567363385,2.33450937988027,76.8187229886379,Lituania,Europa del Norte,2.811089,55.12206622579607
LTU,2020,20428.6478157394,75.0292682926829,2810369,8.487,1.12379,7.41619062,60.8065977886532,1.19989444983569,72.4346855034597,Lituania,Europa del Norte,2.810369,57.412038533271726
LTU,2021,23882.8668916753,74.0365853658537,2808380,7.112,1.10044,7.73210812,65.6144151240646,4.68354420903453,79.5885699025887,Lituania,Europa del Norte,2.80838,67.07216572124308
LTU,2022,24946.5724005188,75.6439024390244,2831639,5.955,1.05289,7.24367952,65.6144151240646,19.7050461518394,87.264114905646,Lituania,Europa del Norte,2.831639,70.63968732563265
LTU,2023,27983.3658256887,77.290243902439,2871585,6.841,1.04977,7.31801939,65.6144151240646,9.11731962390475,75.933513171116,Lituania,Europa del Norte,2.871585,80.35661355456028
LTU,2024,29603.7772588256,77.1951219512195,2888278,6.851,1.04977,7.59519005,65.6144151240646,0.715735835228723,73.9407258792654,Lituania,Europa del Norte,2.888278,85.50393857356629
LUX,2000,48659.6390968187,77.8731707317073,436300,2.345,1.58314,5.92533875,78.7066895368782,3.15076707022596,147.644762391931,Luxemburgo,Europa Occidental,0.4363,21.230200537941997
LUX,2001,48440.1805564662,77.8243902439025,441525,1.805,1.58314,6.38193941,56.8007402837755,2.66382110579101,146.200789383276,Luxemburgo,Europa Occidental,0.441525,21.387550720193737
LUX,2002,53005.731801629,77.9658536585366,446175,2.621,1.58314,6.76099968,28.1360194699838,2.07408613571643,136.361725575128,Luxemburgo,Europa Occidental,0.446175,23.649832386591818
LUX,2003,65689.3214536911,77.7268292682927,451630,3.675,1.6235,6.96221447,26.8621927644297,2.04984030563516,132.848052488235,Luxemburgo,Europa Occidental,0.45163,29.667268248130508
LUX,2004,76544.9170868473,79.1219512195122,458095,5.113,1.58819,7.2793355,22.8809293320426,2.22567916428894,143.73436357449,Luxemburgo,Europa Occidental,0.458095,35.06484379289932
LUX,2005,80988.2044869403,79.4317073170732,465158,4.488,1.55873,7.12328196,24.062484863163,2.48769665164081,153.824282815392,Luxemburgo,Europa Occidental,0.465158,37.67231122273618
LUX,2006,90788.8164271049,79.2878048780488,472637,4.731,1.64886,6.6364212,24.2684052619432,2.66631494577077,167.740282231035,Luxemburgo,Europa Occidental,0.472637,42.910153829657574
LUX,2007,107475.320297978,79.3829268292683,479993,4.065,1.57165,6.15803099,26.6478380404899,2.31245861786126,169.576705513534,Luxemburgo,Europa Occidental,0.479993,51.587401415787355
LUX,2008,120422.137934157,80.5390243902439,488650,5.06,1.54663,6.23101091,31.3553556367726,3.4018796302557,161.494761789301,Luxemburgo,Europa Occidental,0.48865,58.84427770152582
LUX,2009,109419.746953106,80.6365853658537,497783,5.194,1.58839,6.94993162,25.649561629706,0.368041997888867,147.925083013145,Luxemburgo,Europa Occidental,0.497783,54.46728989755797
LUX,2010,110885.991378721,80.6317073170732,506953,4.423,1.42373,6.66263008,35.4685253757351,2.27367911621542,162.709857140044,Luxemburgo,Europa Occidental,0.506953,56.21398598741675
LUX,2011,119025.057203467,80.9878048780488,518347,5.122,1.42453,5.95225334,35.3412271259419,3.4106834106835,169.489123436331,Luxemburgo,Europa Occidental,0.518347,61.69628132624551
LUX,2012,112584.676270958,81.3926829268293,530946,5.03,1.20664,5.29404306,35.8799790356394,2.66284165508011,171.211788066768,Luxemburgo,Europa Occidental,0.530946,59.77638352736007
LUX,2013,120000.140729859,81.8,543360,6.045,1.23381,5.23557377,48.7757009345794,1.73403963519162,176.383330927429,Luxemburgo,Europa Occidental,0.54336,65.20327646697619
LUX,2014,123678.706919314,82.2292682926829,556319,6.044,1.217,5.23040915,49.197705802969,0.628543985440717,182.782585361208,Luxemburgo,Europa Occidental,0.556319,68.80481455464584
LUX,2015,105462.012584423,82.2926829268293,569604,6.796,1.25226,5.08113575,67.3232104121475,0.474743161437871,191.835428725013,Luxemburgo,Europa Occidental,0.569604,60.07158421613768
LUX,2016,106899.293549552,82.6853658536585,582014,6.669,1.2669,5.07103872,85.1137915339099,0.290833333333225,191.098633740622,Luxemburgo,Europa Occidental,0.582014,62.21688543594896
LUX,2017,110193.213797228,82.0951219512195,596336,5.523,1.23898,5.13535357,86.6532438478747,1.73079959118896,192.747503540731,Luxemburgo,Europa Occidental,0.596336,65.71218034298376
LUX,2018,116926.759593905,82.2951219512195,607950,5.589,1.17039,5.27355194,87.6416552978627,1.5281952430737,197.218199953374,Luxemburgo,Europa Occidental,0.60795,71.08562349511455
LUX,2019,112696.649059674,82.6390243902439,620001,5.592,1.18209,5.46640301,85.9067085953878,1.74332075653848,206.580145839872,Luxemburgo,Europa Occidental,0.620001,69.87203511364694
LUX,2020,116860.02817236,82.1439024390244,630419,6.766,1.09627,5.7671175,88.5747538048344,0.819957302127036,204.436962289215,Luxemburgo,Europa Occidental,0.630419,73.67078210039102
LUX,2021,134965.815442152,82.5975609756098,640064,5.571,1.03153,5.60806084,89.0447963800905,2.52692009066166,215.618162988769,Luxemburgo,Europa Occidental,0.640064,86.38675969516558
LUX,2022,123719.658915996,82.9463414634147,653103,4.588,1.0653,5.60926914,89.0447963800905,6.33600807777919,222.308456163103,Luxemburgo,Europa Occidental,0.653103,80.80168039701373
LUX,2023,133230.619178899,83.309756097561,666430,5.184,1.07045,5.78777981,89.0447963800905,3.74140361983136,217.379822583978,Luxemburgo,Europa Occidental,0.66643,88.78888153939366
LUX,2024,137781.681659123,83.1951219512195,677012,6.4,1.07045,5.89136267,89.0447963800905,2.05113269954859,191.532970187611,Luxemburgo,Europa Occidental,0.677012,93.27985186340618
LVA,2000,3278.17896440803,70.3146341463415,2367550,14.211,0.4459,5.57169294,68.2683752417795,2.65425477796048,37.7213901364908,Letonia,Europa del Norte,2.36755,7.761252607184232
LVA,2001,3504.61829462397,70.7609756097561,2337170,13.821,0.41106,5.89092207,66.3443925233645,2.48704003555464,38.7964180197711,Letonia,Europa del Norte,2.33717,8.190888739646304
LVA,2002,4003.60935783538,70.9609756097561,2310173,13.829,0.42203,5.95477772,62.5116981132076,1.93887573855886,37.7563642169877,Letonia,Europa del Norte,2.310173,9.249030241018632
LVA,2003,4914.57992829302,71.2658536585366,2287955,12.061,0.37616,5.73644829,58.8337106918239,2.94264752948478,37.7379680624178,Letonia,Europa del Norte,2.287955,11.244337719837658
LVA,2004,6109.73265186817,72.0268292682927,2263122,11.708,0.41593,6.47518539,68.1708253358925,6.19238547197429,40.6251502394093,Letonia,Europa del Norte,2.263122,13.827070378561197
LVA,2005,7283.78738127622,71.3560975609756,2238799,10.033,0.54958,6.08161736,69.5707297187118,6.74845027893124,44.80522716711,Letonia,Europa del Norte,2.238799,16.30693590541382
LVA,2006,9211.7374468148,70.8658536585366,2218357,7.03,0.68285,6.02127075,56.972602739726,6.53619908765872,41.9530774436297,Letonia,Europa del Norte,2.218357,20.43492224730374
LVA,2007,13370.9789452508,71.019512195122,2200325,6.052,0.58167,5.81969213,59.2817019492769,10.0929775849169,40.3864425883711,Letonia,Europa del Norte,2.200325,29.420499247708964
LVA,2008,15677.6080864506,72.419512195122,2177322,7.739,0.60627,5.86603212,60.9051952976868,15.4023191064986,41.2345321413157,Letonia,Europa del Norte,2.177322,34.135200994006794
LVA,2009,11996.0322729773,73.0804878048781,2141669,17.515,0.46114,6.2683239,63.8568863350691,3.53410672858934,43.396059199176,Letonia,Europa del Norte,2.141669,25.69153044203502
LVA,2010,11188.4191700977,73.4829268292683,2097555,19.482,0.6183,6.22420359,54.8599668024747,-1.08463595015155,54.3654555058681,Letonia,Europa del Norte,2.097555,23.468324572334282
LVA,2011,12902.574053337,73.5756097560976,2059709,16.206,0.73982,5.91758251,50.4982767109798,4.37073559939223,61.8017435553003,Letonia,Europa del Norte,2.059709,26.5755479008247
LVA,2012,13329.3499931271,73.7780487804878,2034319,15.047,0.68884,5.62075043,66.6327225555375,2.25778924374585,63.8315149225803,Letonia,Europa del Norte,2.034319,27.116149948668326
LVA,2013,14484.4715282132,73.9829268292683,2012647,11.867,0.63536,5.60404825,56.9196327911097,-0.029454778257828,62.5759802712611,Letonia,Europa del Norte,2.012647,29.152128167843713
LVA,2014,15185.814581236,74.1243902439024,1993782,10.846,0.71433,5.66363621,54.5329830706363,0.620490636732421,63.5721016274102,Letonia,Europa del Norte,1.993782,30.277203767405876
LVA,2015,13321.9753140616,74.4804878048781,1977527,9.873,0.641,5.84916782,50.1850713898428,0.174242243625186,62.5955625575744,Letonia,Europa del Norte,1.977527,26.344565876890293
LVA,2016,13838.5266823272,74.580487804878,1959537,9.643,0.45065,6.35184479,54.1841531755915,0.140633334505327,61.9284196446641,Letonia,Europa del Norte,1.959537,27.11710505950739
LVA,2017,15132.4958333982,74.6292682926829,1942248,8.715,0.53004,6.18721867,72.5229053246581,2.93036312374665,64.1399542639756,Letonia,Europa del Norte,1.942248,29.391059767425986
LVA,2018,17252.1710428626,74.7829268292683,1927174,7.412,0.66138,6.40854263,52.0315288518739,2.53445424186598,63.8698186932234,Letonia,Europa del Norte,1.927174,33.247935477357686
LVA,2019,17294.9751600969,75.3878048780488,1913822,6.312,0.6602,6.86276913,49.5823237030134,2.81140920075624,62.5368430163073,Letonia,Europa del Norte,1.913822,33.09950395084697
LVA,2020,17564.2321549354,75.1853658536585,1900449,8.098,0.75663,7.50587368,63.7583857442348,0.219064904841985,62.6592422617585,Letonia,Europa del Norte,1.900449,33.37992743461482
LVA,2021,20261.8887788916,72.9804878048781,1884490,7.513,0.77085,9.4105072,63.5961341087923,3.27582937431165,66.8112769573847,Letonia,Europa del Norte,1.88449,38.183326784933435
LVA,2022,20221.103686109,74.2780487804878,1879383,6.815,0.8122,8.1044302,63.5961341087923,17.3102830198815,77.5014838423287,Letonia,Europa del Norte,1.879383,38.00319850891059
LVA,2023,22710.2637544197,75.4268292682927,1883710,6.465,0.8236,7.27783823,63.5961341087923,8.9380462331663,65.9896551482715,Letonia,Europa del Norte,1.88371,42.77955093683793
LVA,2024,23578.9663562625,76.4292682926829,1866124,6.9,0.8236,7.27783823,63.5961341087923,1.26579885828729,64.8634107408094,Letonia,Europa del Norte,1.866124,44.001275012613995
MDA,2000,440.538683980372,67.462,2924668,8.539,0.32405,5.92687273,6.72493756689262,31.2993015817784,49.6001138108804,Moldavia,Europa del Este,2.924668,1.2884293917995067
MDA,2001,507.404076252819,67.672,2918135,7.366,0.32405,6.23449755,6.29277249207144,9.76466285757623,50.0550428204431,Moldavia,Europa del Este,2.918135,1.48067359405602
MDA,2002,570.799866188293,67.793,2911385,6.845,0.32405,7.40437651,6.50785430692215,5.30124390261601,52.4638965185895,Moldavia,Europa del Este,2.911385,1.6618181684226034
MDA,2003,682.319095965299,67.9,2903198,6.378,0.32405,7.02227592,6.31385027633562,11.7460792058232,53.3131901951555,Moldavia,Europa del Este,2.903198,1.980907434768264
MDA,2004,897.178494749468,68.017,2896023,6.374,0.34903,8.97114944,6.47099210435977,12.5242768428228,51.1939123376623,Moldavia,Europa del Este,2.896023,2.5982495558998386
MDA,2005,1034.39197746993,68.197,2888985,5.633,0.39865,9.55814838,6.29382303839733,11.9591837222127,51.1635849357272,Moldavia,Europa del Este,2.888985,2.9883429070309657
MDA,2006,1183.02481442894,68.423,2880967,4.26,0.40622,10.54445267,6.18844386080105,12.777755783035,45.256336863744,Moldavia,Europa del Este,2.880967,3.4082554505509006
MDA,2007,1531.21618590748,68.674,2874299,2.749,0.54557,11.02066803,6.38333897731121,12.3671668414302,45.5804735167509,Moldavia,Europa del Este,2.874299,4.401173151937684
MDA,2008,2110.55305353857,69.0,2868833,2.097,0.53463,10.94920063,6.45964795748921,12.7830472618821,40.8187486093894,Moldavia,Europa del Este,2.868833,6.054824248242217
MDA,2009,1898.43975710988,69.406,2865213,3.024,0.52557,13.6766243,5.77605679251371,-0.0627185967109007,36.8721225187512,Moldavia,Europa del Este,2.865213,5.439434271788071
MDA,2010,2436.79935102421,69.876,2862354,2.972,0.3665,10.13112831,6.65576451349142,7.48385086350853,27.8296130640861,Moldavia,Europa del Este,2.862354,6.974982369601551
MDA,2011,2941.36224066021,70.173,2860699,2.677,0.33764,9.09670353,6.15730337078652,7.68725103356181,32.5404575697943,Moldavia,Europa del Este,2.860699,8.414352020494421
MDA,2012,3044.8084324815,70.344,2860324,2.189,0.34907,9.13962078,4.68350284433718,4.54633427355302,31.1328505372467,Moldavia,Europa del Este,2.860324,8.709138634829214
MDA,2013,3321.04397795719,70.291,2859558,1.894,0.29783,8.68300343,7.01552106430155,4.59787897363136,32.0926131660285,Moldavia,Europa del Este,2.859558,9.496717875519305
MDA,2014,3289.95758568777,70.241,2857815,1.45,0.31463,8.73206043,6.24010406987549,5.08878554625869,31.5279635595633,Moldavia,Europa del Este,2.857815,9.402090137742295
MDA,2015,2749.55137054338,70.118,2835978,1.781,0.30735,8.50013351,4.73706825318129,9.67624033101859,31.8069217883307,Moldavia,Europa del Este,2.835978,7.797667196730874
MDA,2016,2847.08794770479,70.179,2803186,1.591,0.28005,7.62106228,4.25234922262088,6.35930898037931,32.8664989349745,Moldavia,Europa del Este,2.803186,7.9809170757748005
MDA,2017,3453.26727720294,70.375,2755189,1.622,0.25789,7.1278038,6.38799355358582,6.57022997455604,32.5328465977446,Moldavia,Europa del Este,2.755189,9.514404016209491
MDA,2018,4156.44981956646,70.236,2707203,1.239,0.25626,6.70760345,6.15398886827458,3.04505397337058,30.6963699430194,Moldavia,Europa del Este,2.707203,11.25235342087978
MDA,2019,4405.33418162155,70.181,2664224,1.502,0.24145,6.49662447,6.63566163566164,4.83778351428729,31.1910849579769,Moldavia,Europa del Este,2.664224,11.736797054696492
MDA,2020,4375.7788930524,69.914,2635130,1.206,0.23511,7.00484037,5.77831715210356,3.76597122245358,27.9143362637536,Moldavia,Europa del Este,2.63513,11.530746234449172
MDA,2021,5274.60582195352,68.991,2595809,0.794,0.23154,7.7490406,6.50390625,5.10641129002836,30.6487877126898,Moldavia,Europa del Este,2.595809,13.691869264079344
MDA,2022,5744.29618434435,71.546,2528654,0.909,0.22959,6.96505404,6.50390625,28.7372976766236,41.2264594544499,Moldavia,Europa del Este,2.528654,14.525337523727078
MDA,2023,6799.58594644576,71.198,2457783,1.57,0.22111,6.7359705,6.50390625,13.41701043813,35.1125857861262,Moldavia,Europa del Este,2.457783,16.711906746213298
MDA,2024,7578.90216348853,71.332,2402306,1.427,0.21589,6.7359705,6.50390625,4.67773516007048,31.5677994316927,Moldavia,Europa del Este,2.402306,18.206842140761477
MKD,2000,1861.89899780644,72.9463414634147,2026350,32.2,0.41888,8.86991501,17.1780942592864,6.60742291038536,32.9468400859053,Macedonia del N.,Europa del Este,2.02635,3.77285903420508
MKD,2001,1823.02267682636,73.4365853658537,2034882,30.52,0.2931,8.3815918,9.83967305878654,5.19888525744048,29.1989080521251,Macedonia del N.,Europa del Este,2.034882,3.709636030665777
MKD,2002,1989.13537265159,73.0390243902439,2020157,31.94,0.24461,8.97826958,12.4281727138401,2.31459794083216,26.3008496370576,Macedonia del N.,Europa del Este,2.020157,4.018365747009718
MKD,2003,2445.36286400013,73.2414634146342,2022725,36.69,0.21064,9.00857735,20.3918076580588,0.855562122724219,27.6563674663372,Macedonia del N.,Europa del Este,2.022725,4.946296599084662
MKD,2004,2818.5814561242,73.5975609756098,2016186,37.161,0.23237,8.46505451,22.2287385630718,-0.448650206551934,30.7041661621306,Macedonia del N.,Europa del Este,2.016186,5.682784471697227
MKD,2005,3120.98401394233,73.6975609756098,2005330,37.32,0.22825,7.67907524,21.4891961970614,0.525515950714247,34.8076006574873,Macedonia del N.,Europa del Este,2.00533,6.258602872678972
MKD,2006,3440.4411057968,73.8951219512195,1994287,36.392,0.19373,7.38314581,23.5453896660006,3.21362929606345,37.791482499104,Macedonia del N.,Europa del Este,1.994287,6.861226971556182
MKD,2007,4204.11328760452,73.8,1982933,35.231,0.17093,6.57065344,15.5437057556171,2.2517579830545,44.1166137912355,Macedonia del N.,Europa del Este,1.982933,8.336474973729494
MKD,2008,5026.4202989873,74.4,1971493,33.93,0.22358,6.55317593,13.3115195690065,8.33189666968108,43.2244691363976,Macedonia del N.,Europa del Este,1.971493,9.90955243451137
MKD,2009,4799.78722768888,74.4463414634146,1958782,32.351,0.19679,6.52846384,18.6050087873462,-0.739633963061192,32.8055433623879,Macedonia del N.,Europa del Este,1.958782,9.40173682542688
MKD,2010,4833.36586759968,74.9975609756098,1946298,33.135,0.21634,6.71369696,33.4913223140496,1.50997522027613,39.7897533935824,Macedonia del N.,Europa del Este,1.946298,9.407170321377523
MKD,2011,5416.86672931659,75.1,1937398,31.502,0.22276,6.51887369,21.2204468116585,3.9047542206974,47.1242131386987,Macedonia del N.,Europa del Este,1.937398,10.494626767644503
MKD,2012,5049.8265386157,74.9024390243903,1929821,31.096,0.32676,6.61468363,16.6657617374641,3.31605566687647,45.3742530045875,Macedonia del N.,Europa del Este,1.929821,9.745261300577889
MKD,2013,5626.26115664893,75.4,1922716,29.017,0.43894,6.71928358,26.1407942238267,2.78500056726109,43.396474533315,Macedonia del N.,Europa del Este,1.922716,10.817702346067406
MKD,2014,5925.38592218015,75.4512195121951,1917557,28.215,0.51646,6.28993368,24.0353554149609,-0.281705032928494,47.6628552909135,Macedonia del N.,Europa del Este,1.917557,11.362265252778002
MKD,2015,5262.68671928674,75.4024390243902,1912430,26.395,0.44412,6.34227896,35.929153382926,-0.299920475631462,48.7379999069691,Macedonia del N.,Europa del Este,1.91243,10.06451996256554
MKD,2016,5598.48622617967,75.4,1906313,24.312,0.43585,6.37943363,36.7125599573637,-0.239290787684501,50.663842164107,Macedonia del N.,Europa del Este,1.906313,10.672467073287244
MKD,2017,5955.2973863451,75.9536585365854,1898657,22.857,0.35439,6.43909454,23.1439285714286,1.35161889677442,55.145719342637,Macedonia del N.,Europa del Este,1.898657,11.307067069665829
MKD,2018,6713.98925398989,76.6487804878049,1889051,21.208,0.36367,6.45699358,35.0552880328161,1.45831298507126,60.3751373173263,Macedonia del N.,Europa del Este,1.889051,12.683068114238855
MKD,2019,6718.85826635458,76.6024390243903,1876262,17.414,0.36783,7.06654119,22.8967456125405,0.766439573459805,62.4080567878813,Macedonia del N.,Europa del Este,1.876262,12.606338448546978
MKD,2020,6659.59651070776,74.3951219512195,1856124,16.575,0.37264,7.73212385,29.0673274733495,1.20007348888469,57.771485775759,Macedonia del N.,Europa del Este,1.856124,12.36103691384093
MKD,2021,7620.80296977508,73.2463414634146,1837114,15.801,0.37252,8.41851234,30.9676369553426,3.23074912132928,65.4438648561578,Macedonia del N.,Europa del Este,1.837114,14.000283827015375
MKD,2022,7606.2375253797,74.4248780487805,1831712,14.476,0.37372,7.42164755,30.9676369553426,14.2047173195833,72.785399542204,Macedonia del N.,Europa del Este,1.831712,13.932436550088301
MKD,2023,8674.35846327485,75.3160975609756,1827816,13.174,0.3699,7.42730284,30.9676369553426,9.36187249769015,67.3969980458635,Macedonia del N.,Europa del Este,1.827816,15.855131188909183
MKD,2024,9291.8566035502,76.6165853658537,1824359,12.265,0.37363,7.42730284,30.9676369553426,3.48974086026954,61.6792037479617,Macedonia del N.,Europa del Este,1.824359,16.95168222139624
MNE,2000,1627.06511911987,73.3968048780488,604950,30.447,0.79772,7.96692181,65.1536312849162,2.92451258123648,36.8149918504193,Montenegro,Europa del Este,0.60495,0.9842930438115652
MNE,2001,1909.59870186179,73.5801951219512,607389,30.542,0.79772,7.96692181,65.1536312849162,2.92451258123648,38.4234543783926,Montenegro,Europa del Este,0.607389,1.1598692459251307
MNE,2002,2109.30631947331,73.9652195121951,609828,30.356,0.79772,7.96692181,65.1536312849162,2.92451258123648,35.3561171254814,Montenegro,Europa del Este,0.609828,1.2863140541917697
MNE,2003,2789.95435110345,74.0557317073171,612267,30.39,0.79772,7.96692181,65.1536312849162,2.92451258123648,30.6112461989977,Montenegro,Europa del Este,0.612267,1.708196980687056
MNE,2004,3386.38099417981,74.2056097560976,613353,30.342,1.01874,7.96692181,65.1536312849162,2.92451258123648,42.02204717619,Montenegro,Europa del Este,0.613353,2.077046941923169
MNE,2005,3675.98851272723,73.9829268292683,614261,30.31,0.92443,7.96692181,65.1536312849162,2.92451258123648,43.549124680302,Montenegro,Europa del Este,0.614261,2.258016379816341
MNE,2006,4422.55172559508,73.8390243902439,615025,24.815,1.22991,7.96692181,59.2818428184282,2.92451258123648,40.6242634265822,Montenegro,Europa del Este,0.615025,2.719979875034114
MNE,2007,5979.43813180981,74.3390243902439,615875,19.4,1.14521,7.96692181,59.8880597014925,4.34712215656112,43.035769995382,Montenegro,Europa del Este,0.615875,3.682586459428367
MNE,2008,7390.01481290503,75.1365853658537,616969,17.15,1.14521,7.96692181,54.4200848656294,8.75872769588798,39.5616381600494,Montenegro,Europa del Este,0.616969,4.559410049103204
MNE,2009,6726.67589734408,75.1439024390244,618294,19.09,1.14521,7.96692181,75.036231884058,3.46672373207793,34.4691900810648,Montenegro,Europa del Este,0.618294,4.15906334727246
MNE,2010,6678.63939560908,75.990243902439,619428,19.649,1.14521,7.96692181,68.3739433117852,0.654946570148479,36.7147715569435,Montenegro,Europa del Este,0.619428,4.136936243543341
MNE,2011,7265.51771176628,76.0829268292683,620345,19.759,0.31485,7.96692181,45.3256777108434,3.4501431124869,42.4416792045641,Montenegro,Europa del Este,0.620345,4.507127584905653
MNE,2012,6552.47970337373,76.3,621418,19.808,0.31485,8.29550457,51.9370604781997,4.14524724981119,42.2205079066417,Montenegro,Europa del Este,0.621418,4.0718288323110965
MNE,2013,7102.7776714702,76.490243902439,622587,19.585,0.37431,8.47144604,63.4770595690748,2.20589268141178,41.7506908645144,Montenegro,Europa del Este,0.622587,4.422097042147617
MNE,2014,7342.17147363741,76.3390243902439,623744,18.054,0.3632,8.00086784,55.2048534509928,-0.710514051710227,40.2683210854472,Montenegro,Europa del Este,0.623744,4.579635403652492
MNE,2015,6421.00005731419,76.6024390243903,624651,17.555,0.374,9.02188778,49.6503496503497,1.54869158222486,42.7283879053238,Montenegro,Europa del Este,0.624651,4.010884106801366
MNE,2016,6968.01202883651,76.5414634146342,625353,17.732,0.32454,8.63302994,58.6816300541229,-0.271385023385176,40.781995907006,Montenegro,Europa del Este,0.625353,4.357467226268998
MNE,2017,7674.2856571219,76.6853658536585,625982,16.082,0.34898,7.98255396,45.1611603545528,2.3802359905313,41.5011019410718,Montenegro,Europa del Este,0.625982,4.803964684216481
MNE,2018,8673.59469069858,77.8853658536585,626438,15.19,0.50374,8.34355545,59.2125984251969,2.611223782638,43.4585672370744,Montenegro,Europa del Este,0.626438,5.433469310851836
MNE,2019,8749.25629734676,76.6829268292683,626753,15.128,0.36328,8.32983208,56.1870084474221,0.361563704540767,44.3238379207013,Montenegro,Europa del Este,0.626753,5.483622632130974
MNE,2020,7555.48699036321,75.9317073170732,626590,17.878,0.36328,11.42177582,52.2337278106509,-0.255655699848551,26.2522009723037,Montenegro,Europa del Este,0.62659,4.7341925932916835
MNE,2021,9315.86435643142,73.8243902439024,625053,16.543,0.36328,10.55253506,61.7770127118644,2.41080198403165,43.1193682105877,Montenegro,Europa del Este,0.625053,5.822908963580529
MNE,2022,10038.1849482517,76.1878048780488,623591,14.851,0.36328,10.19081783,61.7770127118644,13.0403036347004,51.3449416638117,Montenegro,Europa del Este,0.623591,6.2597217900652256
MNE,2023,12258.1600477339,77.5878048780488,623529,13.146,0.36328,9.6549921,61.7770127118644,8.58476910455403,49.229023063194,Montenegro,Europa del Este,0.623529,7.643318276403471
MNE,2024,13270.1824401005,77.890243902439,623525,13.206,0.36328,9.6549921,61.7770127118644,3.33675009282281,43.7470829634338,Montenegro,Europa del Este,0.623525,8.274290505963664
NLD,2000,26225.1697734149,77.9878048780488,15925513,2.725,1.78907,7.70382404,3.31471254365119,2.36052233801958,66.4429411465509,Países Bajos,Europa Occidental,15.925513,417.649282153726
NLD,2001,26955.7128032278,78.190243902439,16046180,2.119,1.79214,8.04176903,3.52561844057952,4.15584127195612,63.3725444723061,Países Bajos,Europa Occidental,16.04618,432.5362196688979
NLD,2002,29446.5330872868,78.2926829268293,16148929,2.554,1.73931,8.61879349,4.14185099134204,3.28753104712766,60.1048715353519,Países Bajos,Europa Occidental,16.148929,475.52997212274533
NLD,2003,35896.7504630706,78.4926829268293,16225302,3.593,1.77665,9.01979256,4.09206965646884,2.09199838997655,59.2393489233853,Países Bajos,Europa Occidental,16.225302,582.4356170819603
NLD,2004,40611.3414353091,79.0951219512195,16281779,4.646,1.78132,9.07156658,5.24308890074496,1.26364739183177,62.5959181523516,Países Bajos,Europa Occidental,16.281779,661.2248861432456
NLD,2005,42165.396168388,79.3463414634146,16319868,5.872,1.7667,9.05984592,7.45283774181603,1.6881301786962,65.5858924432585,Países Bajos,Europa Occidental,16.319868,688.1336996357978
NLD,2006,45123.5432406426,79.6975609756098,16346101,5.007,1.73208,9.03575516,8.14500217538676,1.10150106517709,68.1457296355057,Países Bajos,Europa Occidental,16.346101,737.5939952894113
NLD,2007,52100.7996285947,80.0975609756098,16381696,4.153,1.66063,9.00052166,7.2103361384491,1.61385859802102,68.7100477700614,Países Bajos,Europa Occidental,16.381696,853.4994608725513
NLD,2008,58246.7026905874,80.2512195121951,16445593,3.658,1.61247,9.21819305,8.86154604284439,2.48650198289457,69.6056649864348,Países Bajos,Europa Occidental,16.445593,957.9015660414053
NLD,2009,53172.0261581418,80.5487804878049,16530388,4.352,1.65161,9.90839005,9.53023546278949,1.18977687021548,61.6018141050156,Países Bajos,Europa Occidental,16.530388,878.9542231402334
NLD,2010,51305.7338533973,80.7024390243902,16615394,4.991,1.69388,10.09452248,9.38767502305693,1.27530569556679,69.2873649735157,Países Bajos,Europa Occidental,16.615394,852.4649824333344
NLD,2011,54701.7728030611,81.2048780487805,16693074,4.977,1.8651,10.14537811,10.8106753946456,2.34107017751373,75.1751870770854,Países Bajos,Europa Occidental,16.693074,913.1407413326864
NLD,2012,50473.9442002689,81.1048780487805,16754962,5.821,1.90094,10.45467281,12.0898638045605,2.45554765291614,79.5755903693531,Países Bajos,Europa Occidental,16.754962,845.6890170656259
NLD,2013,52602.2860520766,81.3048780487805,16804432,7.241,2.13953,10.50247383,11.9116796221588,2.50689852657875,80.3711722486241,Países Bajos,Europa Occidental,16.804432,883.9515390066697
NLD,2014,53457.2234864322,81.7073170731707,16865008,7.419,2.15067,10.45699596,11.2692873314112,0.976035079699679,81.3822615368973,Países Bajos,Europa Occidental,16.865008,901.5565017564669
NLD,2015,45793.8135434697,81.509756097561,16939923,6.872,2.11792,10.18857956,12.4230716884578,0.600248147278776,83.9918475345943,Países Bajos,Europa Occidental,16.939923,775.7436753027339
NLD,2016,46808.5291492503,81.5609756097561,17030314,6.007,2.11546,9.89148426,12.8331336077389,0.316666666666652,80.9095011629118,Países Bajos,Europa Occidental,17.030314,797.1639492898855
NLD,2017,49513.6817346384,81.7609756097561,17131296,4.837,2.14167,9.93712521,14.8803844085792,1.38145871407216,85.1795472131327,Países Bajos,Europa Occidental,17.131296,848.2335378458838
NLD,2018,53955.0770024266,81.8121951219512,17231624,3.832,2.1027,9.85083961,16.5280689637084,1.70349794744479,87.0564594492635,Países Bajos,Europa Occidental,17.231624,929.7335997968623
NLD,2019,53554.9007491475,82.1121951219512,17344874,3.379,2.14036,9.93616295,18.7762503294676,2.63369910249591,85.3209394926528,Países Bajos,Europa Occidental,17.344874,928.903005576469
NLD,2020,53467.9277413737,81.3585365853659,17441500,3.82,2.26514,10.94954681,26.5575690715294,1.27246037789161,81.2415259478997,Países Bajos,Europa Occidental,17.4415,932.5608617011694
NLD,2021,60141.9880911492,81.309756097561,17533044,4.209,2.21542,11.13498974,33.1271998035524,2.67572008805385,86.4500028041052,Países Bajos,Europa Occidental,17.533044,1054.472123449595
NLD,2022,59123.318556487,81.6146341463415,17700982,3.526,2.17529,10.03109169,33.1271998035524,10.0012078753473,96.4436215813729,Países Bajos,Europa Occidental,17.700982,1046.5407975486423
NLD,2023,63515.6030780019,81.8634146341464,17877117,3.535,2.26719,9.83150005,33.1271998035524,3.83839354342808,87.4860612893795,Países Bajos,Europa Occidental,17.877117,1135.475867551
NLD,2024,67465.3208126875,81.9658536585366,17993485,3.7,2.26719,10.00551128,33.1271998035524,3.34754304219953,82.4976839942829,Países Bajos,Europa Occidental,17.993485,1213.9362380632804
NOR,2000,37991.8907576589,78.6341463414634,4490967,3.458,1.56019,7.70270586,99.7197829097369,3.08550609131279,45.8365018251845,Noruega,Europa del Norte,4.490967,170.6203276602511
NOR,2001,38458.2530907659,78.7853658536585,4513751,3.738,1.56019,8.00972462,99.5269013044548,3.00419703998233,45.1531766095749,Noruega,Europa del Norte,4.513751,173.59097834669768
NOR,2002,43048.288735011,78.9878048780488,4538159,4.022,1.62644,8.98267078,99.5886461879806,1.28672528415184,40.5838246089831,Noruega,Europa del Norte,4.538159,195.3599789573888
NOR,2003,50208.0960234078,79.390243902439,4564855,4.221,1.67572,9.19355106,99.4082667586438,2.48782553461781,39.7056811669224,Noruega,Europa del Norte,4.564855,229.19267817293323
NOR,2004,57854.5698169407,79.8414634146342,4591910,4.256,1.53976,8.79598331,99.3592576186301,0.454498502220863,41.0491288437838,Noruega,Europa del Norte,4.59191,265.6629776881081
NOR,2005,67358.3615969796,80.0414634146342,4623291,4.381,1.47715,8.29899502,99.4791861400343,1.53213367609249,43.2413599919454,Noruega,Europa del Norte,4.623291,311.4173069460614
NOR,2006,75047.741700385,80.3439024390244,4660677,3.397,1.44972,7.8822999,99.3240117780593,2.3293498075755,44.1733932893218,Noruega,Europa del Norte,4.660677,349.77328364492524
NOR,2007,86600.2387607877,80.3951219512195,4709153,2.493,1.55795,8.01673985,99.1465391568021,0.712589073634201,42.4957811855517,Noruega,Europa del Norte,4.709153,407.8137741610797
NOR,2008,99001.5300678626,80.5926829268293,4768212,2.521,1.54556,7.91507673,99.4120970351921,3.75393081761005,45.6676256939176,Noruega,Europa del Norte,4.768212,472.06028368794324
NOR,2009,81939.726548458,80.7951219512195,4828726,3.1,1.71678,9.03254128,96.5969811721673,2.19738586853568,39.2490204203521,Noruega,Europa del Norte,4.828726,395.6644880174294
NOR,2010,90020.342257973,80.9975609756098,4889252,3.527,1.6412,8.8581152,95.7593160291513,2.41890639481003,39.5703457442809,Noruega,Europa del Norte,4.889252,440.132138425479
NOR,2011,103545.218988177,81.2951219512195,4953088,3.196,1.61714,8.73474026,96.5850132116451,1.2849515880916,41.0021893059034,Noruega,Europa del Norte,4.953088,512.8685816277117
NOR,2012,104627.93694681,81.4512195121951,5018573,3.129,1.61053,8.72188568,97.9886633753886,0.696864111498263,40.6221948688402,Noruega,Europa del Norte,5.018573,525.0829394069631
NOR,2013,106333.138368566,81.7512195121951,5079623,3.425,1.64216,8.87431335,97.6981696401933,2.12048620353112,39.1524912574603,Noruega,Europa del Norte,5.079623,540.1322553191503
NOR,2014,100410.020200979,82.1,5137232,3.486,1.70369,9.28297901,97.673290131718,2.04170286707211,39.0079819454092,Noruega,Europa del Norte,5.137232,515.8295688971157
NOR,2015,77220.9524311414,82.3048780487805,5188607,4.296,1.92351,10.06992245,97.7069237474576,2.17113665389527,37.7795790425628,Noruega,Europa del Norte,5.188607,400.66917433088724
NOR,2016,73222.4006864905,82.4073170731707,5234519,4.68,2.03286,10.53049755,97.8179707733391,3.55000000000007,35.0792306836966,Noruega,Europa del Norte,5.234519,383.28404761904756
NOR,2017,78771.2151264554,82.609756097561,5276968,4.164,2.08168,10.22983646,97.8492507358844,1.87510059552545,35.7799907512702,Noruega,Europa del Norte,5.276968,415.6731815434211
NOR,2018,85579.0776455494,82.7585365853659,5311916,3.801,2.03482,9.96037865,97.7968415399362,2.76483134528797,37.3017822287814,Noruega,Europa del Norte,5.311916,454.58887181063625
NOR,2019,79329.3075190012,82.9585365853659,5347896,3.684,2.13599,10.43807507,97.7822483803537,2.16773003305411,35.6950517697888,Noruega,Europa del Norte,5.347896,424.24488636363645
NOR,2020,71057.5879471399,83.209756097561,5379475,4.424,2.24436,11.42416382,98.4304584554915,1.28658490707996,31.3463505764851,Noruega,Europa del Norte,5.379475,382.25251792194035
NOR,2021,96442.5552173002,83.1634146341463,5408320,4.359,1.88764,9.8142643,99.1038297387318,3.48388055266669,41.7846805150434,Noruega,Europa del Norte,5.40832,521.592200232829
NOR,2022,113122.130765691,82.509756097561,5457127,3.231,1.55081,7.90873051,99.1038297387318,5.76412317852272,53.5795492360197,Noruega,Europa del Norte,5.457127,617.321834098983
NOR,2023,90984.4087141111,83.0121951219512,5519601,3.574,1.85142,9.42925453,99.1038297387318,5.51784987104659,46.4049617701132,Noruega,Europa del Norte,5.519601,502.1976333228163
NOR,2024,89888.9535204758,83.1609756097561,5572279,4.0,1.85142,9.42925453,99.1038297387318,3.14530134431081,46.3794958458439,Noruega,Europa del Norte,5.572279,500.8863280341234
POL,2000,4520.64100449111,73.7487804878049,38258629,14.928,0.63806,5.26548243,2.99068767908309,9.90017538843065,27.0732197283645,Polonia,Europa del Este,38.258629,172.9535270330127
POL,2001,5015.23790036613,74.2,38248076,18.435,0.61861,5.64010143,3.21255905944402,5.4083354556615,27.0572580080351,Polonia,Europa del Este,38.248076,191.82320037128417
POL,2002,5223.45178967082,74.4975609756098,38230364,20.211,0.55501,6.04828405,3.04872125778832,1.90528215048054,28.6233983013403,Polonia,Europa del Este,38.230364,199.6944632555669
POL,2003,5720.81366178104,74.5975609756098,38204570,19.899,0.53626,5.93375778,2.55356754225719,0.682701375787632,33.2386667780391,Polonia,Europa del Este,38.20457,218.56122599847006
POL,2004,6711.72715262967,74.8463414634146,38182222,18.822,0.54999,5.84185648,3.12408617077174,3.38264681884699,34.0621696099277,Polonia,Europa del Este,38.182222,256.26865614513395
POL,2005,8043.92332253757,74.9951219512195,38165445,17.592,0.56121,5.79073858,3.45679130346128,2.18379872390251,34.5254622754817,Polonia,Europa del Este,38.165445,306.9999131505249
POL,2006,9068.85528307627,75.1439024390244,38141267,13.794,0.54899,5.78148365,3.26176874281263,1.28469394366416,37.6580412251077,Polonia,Europa del Este,38.141267,345.8976307361726
POL,2007,11272.5293683383,75.2439024390244,38120560,9.551,0.56103,5.86390114,3.80481712980395,2.4587431238539,38.4711164171074,Polonia,Europa del Este,38.12056,429.71513213750234
POL,2008,14048.5604672654,75.5439024390244,38125759,7.069,0.59719,6.35196781,4.67064164064261,4.16497193524779,37.6687727009599,Polonia,Europa del Este,38.125759,535.6120306718881
POL,2009,11556.3026866026,75.6951219512195,38151603,8.131,0.65932,6.57037735,6.15815317690482,3.79539242483399,37.0040504665451,Polonia,Europa del Este,38.151603,440.89147224709575
POL,2010,12567.7317676382,76.2463414634146,38042794,9.578,0.72252,6.43533468,7.4035723120445,2.58069370250548,39.8922068463219,Polonia,Europa del Este,38.042794,478.11163068351595
POL,2011,13867.6669408192,76.6951219512195,38063255,9.576,0.74726,6.24533606,8.3911451072468,4.23940149625932,42.31819097341,Polonia,Europa del Este,38.063255,527.848543023471
POL,2012,13087.420943321,76.7463414634146,38063164,10.031,0.88476,6.22854042,10.7618648196917,3.56037151702793,44.0229016385965,Polonia,Europa del Este,38.063164,498.14864970266194
POL,2013,13621.9023794031,77.0,38040196,10.293,0.8807,6.44993687,10.7618726455219,0.991982606332335,45.7672881629144,Polonia,Europa del Este,38.040196,518.1798364053603
POL,2014,14262.2841914116,77.6024390243903,38011735,8.971,0.9454,6.39059496,12.8766746930384,0.0538213132399802,46.2206720325579,Polonia,Europa del Este,38.011735,542.134167178627
POL,2015,12637.5220324406,77.4512195121951,37986412,7.475,0.99807,6.36490345,14.1941386167427,-0.874125874125862,47.1616367257527,Polonia,Europa del Este,37.986412,480.054118583366
POL,2016,12464.0121044827,77.8512195121951,37970087,6.141,0.9616,6.5470438,13.9911543193207,-0.664767331433962,49.906428862355,Polonia,Europa del Este,37.970087,473.2596239762612
POL,2017,13913.3415190124,77.7536585365854,37974826,4.867,1.03055,6.53713226,14.4485202240929,2.07593553673859,51.6925275786294,Polonia,Europa del Este,37.974826,528.3567232630716
POL,2018,15658.210586693,77.6024390243903,37974750,3.835,1.19426,6.25094128,12.9782873340822,1.81295156542689,52.232575443975,Polonia,Europa del Este,37.97475,594.6166324770201
POL,2019,15874.5220531254,77.9048780487805,37965475,3.267,1.3088,6.38906956,15.9761141059102,2.22747880938291,52.6128934811742,Polonia,Europa del Este,37.965475,602.683770144881
POL,2020,16150.9304813473,76.4,37515748,3.155,1.37128,6.42739105,18.3995140532264,3.37446972618589,52.4338855199248,Polonia,Europa del Este,37.515748,605.914237903744
POL,2021,18635.5104895754,75.3512195121951,36981559,3.268,1.41558,6.3654809,17.4599985525884,5.05502704719272,57.0379760723016,Polonia,Europa del Este,36.981559,689.1702306653516
POL,2022,18891.2121169279,77.1560975609756,36821749,2.811,1.44162,6.46619797,17.4599985525884,14.4294507575758,62.3525162455456,Polonia,Europa del Este,36.821749,695.6074708752778
POL,2023,22145.2660647429,78.2585365853659,36687353,2.743,1.55525,7.13848782,17.4599985525884,11.5289127961105,57.8812710195434,Polonia,Europa del Este,36.687353,812.4511933961437
POL,2024,25103.565661423,78.409756097561,36559233,2.807,1.55525,8.06380177,17.4599985525884,3.79060897630197,52.1798133919011,Polonia,Europa del Este,36.559233,917.7671061467626
PRT,2000,11526.3720667968,76.3146341463415,10289898,3.806,0.72156,8.60104179,30.2988757883192,2.85303039287156,28.2046205938904,Portugal,Europa del Sur,10.289898,118.60519287738825
PRT,2001,11734.7649743954,76.8146341463415,10362722,3.829,0.76482,8.62751579,34.5782536713324,4.36990330551792,27.4373261135265,Portugal,Europa del Sur,10.362722,121.60410716499666
PRT,2002,12936.6928204482,77.0658536585366,10419631,4.497,0.72184,8.78642941,22.1007656104279,3.60034658290915,27.0733622325977,Portugal,Europa del Sur,10.419631,134.7955655494195
PRT,2003,15797.7821340276,77.219512195122,10458821,6.132,0.69802,9.12415695,38.491419789977,3.21899090682895,27.3671918978917,Portugal,Europa del Sur,10.458821,165.22617553679268
PRT,2004,18064.1580932987,77.6707317073171,10483861,6.319,0.7293,9.5325079,27.9183239108746,2.365362040973,27.6670515552519,Portugal,Europa del Sur,10.483861,189.3821225321686
PRT,2005,18780.12751241,78.0707317073171,10503330,7.582,0.75755,9.65306759,18.5657877785889,2.27716394887838,27.0841675459537,Portugal,Europa del Sur,10.50333,197.25387670492134
PRT,2006,19839.4540499032,78.419512195122,10522288,7.649,0.95448,9.35422611,33.0084419159479,3.1076654587105,30.3574044411002,Portugal,Europa del Sur,10.522288,208.75644927584784
PRT,2007,22811.0564844365,78.3219512195122,10542964,7.965,1.12417,9.25186634,35.0771819182257,2.45396528138746,31.1941845713373,Portugal,Europa del Sur,10.542964,240.49614731738058
PRT,2008,24949.0413566739,78.5243902439025,10558177,7.553,1.44335,9.58307838,32.9329838604429,2.58850657657956,31.2610790783868,Portugal,Europa del Sur,10.558177,263.4163946240832
PRT,2009,23151.2154130712,78.7268292682927,10568247,9.432,1.58002,10.13070393,37.8755352839245,-0.835530021504157,27.2937427180784,Portugal,Europa del Sur,10.568247,244.6677628355435
PRT,2010,22551.935098809,79.0268292682927,10573100,10.771,1.53317,10.01858425,53.1556664817896,1.40257289895372,30.0275851235273,Portugal,Europa del Sur,10.5731,238.44386499321743
PRT,2011,23246.5425416481,80.4707317073171,10557560,12.715,1.45558,9.71847439,47.0629598566582,3.6530110043073,34.4115130933228,Portugal,Europa del Sur,10.55756,245.42676767600233
PRT,2012,20593.4274224109,80.3731707317073,10514844,15.509,1.37661,9.64000225,43.7842922727078,2.77333854051576,37.7235057219779,Portugal,Europa del Sur,10.514844,216.5366767719727
PRT,2013,21676.4859642714,80.7219512195122,10457295,16.237,1.32325,9.39476109,59.2373967062102,0.274416666666663,39.5639503324812,Portugal,Europa del Sur,10.457295,226.67740829174548
PRT,2014,22120.6850127107,81.1219512195122,10401062,13.88,1.28892,9.33570766,61.3689632968448,-0.278153367467428,40.1850905816292,Portugal,Europa del Sur,10.401062,230.07861629967476
PRT,2015,19215.7813014347,81.1243902439025,10358076,12.405,1.24552,9.33309937,48.6663487218619,0.48793862390472,40.6876664090066,Portugal,Europa del Sur,10.358076,199.03852311963956
PRT,2016,19980.2808866516,81.1243902439025,10325452,11.058,1.2815,9.39989281,55.5232972533939,0.607397074641719,40.3550889260564,Portugal,Europa del Sur,10.325452,206.30543124163853
PRT,2017,21442.3842768879,81.4243902439025,10300300,8.878,1.32224,9.32668972,40.9009944305161,1.36861411643482,42.9426786480198,Portugal,Europa del Sur,10.3003,220.86299076722847
PRT,2018,23541.1401075289,81.3243902439024,10283822,6.966,1.35078,9.42121029,51.3732980079147,0.993715683468233,43.677580570852,Portugal,Europa del Sur,10.283822,242.09289454288808
PRT,2019,23343.3628970034,81.6756097560976,10286263,6.422,1.39487,9.50868607,54.2392105956278,0.338178410046124,43.6531259432991,Portugal,Europa del Sur,10.286263,240.1159700630189
PRT,2020,22299.4044062173,81.3292682926829,10297081,6.85,1.60979,10.52074051,59.6286973887486,-0.0124383299576209,37.2560151344529,Portugal,Europa del Sur,10.297081,229.61877342257645
PRT,2021,24711.4510062111,81.3780487804878,10361831,6.712,1.66711,11.22031498,64.9061770532965,1.26565719069044,41.5484271843512,Portugal,Europa del Sur,10.361831,256.0558790911394
PRT,2022,24620.5197587181,81.6317073170732,10434332,6.138,1.69051,10.5492239,64.9061770532965,7.83269124233323,49.4816822004506,Portugal,Europa del Sur,10.434332,256.89867717502455
PRT,2023,27634.6183139773,82.3292682926829,10578174,6.498,1.69491,10.02761173,64.9061770532965,4.31128191898681,47.1554769314882,Portugal,Europa del Sur,10.578174,292.3238009488385
PRT,2024,29328.3067415343,82.3829268292683,10694681,6.5,1.69491,10.24061108,64.9061770532965,2.41613187791876,45.8196856112127,Portugal,Europa del Sur,10.694681,313.6568848708588
ROU,2000,1659.92904910528,71.1634146341463,22442971,6.969,0.36626,4.20876169,28.4553471714099,45.6665940440238,21.58888431382,Rumanía,Europa del Este,22.442971,37.25373951112737
ROU,2001,1825.19299373184,71.1609756097561,22131970,6.561,0.39129,4.37598133,27.7039319793562,34.4770123493527,22.105963469215,Rumanía,Europa del Este,22.13197,40.39511658148327
ROU,2002,2119.85509684554,71.009756097561,21730496,8.112,0.37721,4.57694626,29.3196682377873,22.5398862605386,24.0130293587441,Rumanía,Europa del Este,21.730496,46.065502702581625
ROU,2003,2679.40626016154,71.309756097561,21574326,6.95,0.39708,5.37136793,24.0515052593399,15.2734889936255,24.2127350487918,Rumanía,Europa del Este,21.574326,57.80638414316588
ROU,2004,3494.99056448955,71.5609756097561,21451748,7.719,0.38942,5.47733593,29.2342342342342,11.8743635936399,25.743936265036,Rumanía,Europa del Este,21.451748,74.97365685180758
ROU,2005,4618.00350802913,71.9121951219512,21319685,7.174,0.41262,5.52778196,34.0213084678437,9.01491283343835,24.5352206061523,Rumanía,Europa del Este,21.319685,98.45438012007602
ROU,2006,5757.53127301178,72.1634146341463,21193760,7.27,0.45682,5.07106066,29.2835382873184,6.55851412276983,24.7712264990404,Rumanía,Europa del Este,21.19376,122.02373599270615
ROU,2007,8360.33775916596,72.5658536585366,20882982,6.413,0.51148,5.02223349,25.9489241645453,4.83732928313989,24.710829049515,Rumanía,Europa del Este,20.882982,174.58878293858308
ROU,2008,10435.1561230787,72.5658536585366,20537875,5.787,0.55215,5.02277184,26.5175503417698,7.85080255714482,26.155499661561,Rumanía,Europa del Este,20.537875,214.31593206127494
ROU,2009,8548.4543409242,73.309756097561,20367487,6.859,0.44393,5.27816248,27.2789671458613,5.58742004264393,26.022377022811,Rumanía,Europa del Este,20.367487,174.1105326588672
ROU,2010,8399.5374234284,73.4585365853659,20246871,6.959,0.44657,5.63882685,33.8811230095607,6.09141668601891,31.6415933092484,Rumanía,Europa del Este,20.246871,170.0643506718272
ROU,2011,9560.6755277458,74.409756097561,20147528,7.177,0.47457,4.47503996,26.571981934198,5.7892532881588,35.2366088533551,Rumanía,Europa del Este,20.147528,192.62397789417327
ROU,2012,8929.95366231474,74.4121951219512,20058035,6.794,0.46244,4.50939083,25.7382843593869,3.33492267693442,35.708362986259,Rumanía,Europa del Este,20.058035,179.11732310708723
ROU,2013,9497.67411615237,75.0634146341463,19983693,7.096,0.39022,5.2240696,34.8111499796223,3.9847123554813,40.2453636124718,Rumanía,Europa del Este,19.983693,189.79860375123528
ROU,2014,10031.7710755404,74.909756097561,19908979,6.802,0.38207,5.0276823,42.0261587185578,1.06830987684298,41.4767119396626,Rumanía,Europa del Este,19.908979,199.72231967574123
ROU,2015,8977.01748158196,74.9121951219512,19815616,6.812,0.48796,4.94292021,40.0862646313503,-0.594156437495203,41.3491935848306,Rumanía,Europa del Este,19.815616,177.8851312403152
ROU,2016,9404.54005870715,75.209756097561,19702267,5.901,0.48863,5.08012772,42.2055051226518,-1.54479666813897,42.4163351743737,Rumanía,Europa del Este,19.702267,185.29075924884395
ROU,2017,10727.9822007426,75.209756097561,19588715,4.927,0.50693,5.18878555,38.3239703869603,1.3390212110439,42.334274206143,Rumanía,Europa del Este,19.588715,210.14738585541954
ROU,2018,12416.134317959,75.3585365853659,19473970,4.187,0.49698,5.51454878,41.0439762007522,4.62548443137779,41.7841912043995,Rumanía,Europa del Este,19.47397,241.791427223904
ROU,2019,12909.6104013244,75.6073170731707,19371648,3.912,0.47491,5.69924641,42.0319345208145,3.82785432599438,40.3352034270657,Rumanía,Europa del Este,19.371648,250.080428511595
ROU,2020,13009.1525348396,74.2536585365854,19265250,5.035,0.46414,6.20959711,44.5645939857689,2.63107311184743,36.9711409958175,Rumanía,Europa del Este,19.26525,250.62457587181862
ROU,2021,14908.0412813921,72.809756097561,19122059,5.59,0.47108,6.45246983,44.8574239112157,5.05232876096582,40.6943872735548,Rumanía,Europa del Este,19.122059,285.07244495721534
ROU,2022,15503.4691366242,75.1536585365854,19048502,5.614,0.46274,5.79823256,44.8574239112157,13.7954887432521,43.5131053942163,Rumanía,Europa del Este,19.048502,295.3178628559244
ROU,2023,18244.4186876321,76.4048780487805,19061062,5.589,0.51656,5.70901489,44.8574239112157,10.3971874764996,39.2445975462886,Rumanía,Europa del Este,19.061062,347.75799575891403
ROU,2024,20080.2096215595,76.4585365853659,19051804,5.4,0.51656,5.70901489,44.8574239112157,5.72140574354439,35.6030266999465,Rumanía,Europa del Este,19.051804,382.5642179888658
RUS,2000,1771.59411621094,65.4836585365854,146596869,10.581,1.04983,5.01989794,18.9408099652983,20.7987606558704,44.0604413055146,Rusia,Europa del Este,146.596869,259.71015057534595
RUS,2001,2100.3525390625,65.3834146341463,145976482,8.978,1.17694,5.24284792,19.8380426440955,21.4770072117159,36.8934935960337,Rusia,Europa del Este,145.976482,306.6020746121113
RUS,2002,2377.52954101563,65.1287804878049,145306497,7.875,1.24652,5.52166557,18.5349837594036,15.7887307914463,35.2125940630626,Rusia,Europa del Este,145.306497,345.470489118999
RUS,2003,2975.123046875,65.0275609756098,144648618,8.21,1.28604,5.16368914,17.3491224355714,13.6632930228666,35.2499817757806,Rusia,Europa del Este,144.648618,430.34743711041796
RUS,2004,4102.36474609375,65.4709756097561,144067316,7.763,1.15133,4.7603755,19.2200533339057,10.8886157326216,34.4178910554597,Rusia,Europa del Este,144.067316,591.016678222748
RUS,2005,5323.455078125,65.529756097561,143518814,7.124,1.06797,4.77177477,18.4826269612606,12.6853039507349,35.2030659651181,Rusia,Europa del Este,143.518814,764.0159591947773
RUS,2006,6920.19970703125,66.7275609756098,143049637,7.055,1.07294,4.76654387,17.7856142937194,9.66865454789265,33.7304754439762,Rusia,Europa del Este,143.049637,989.9320560583267
RUS,2007,9101.2392578125,67.5868292682927,142805114,6.002,1.11611,4.74792528,17.8079733447056,9.00729868861079,30.164060484537,Rusia,Europa del Este,142.805114,1299.7035097531896
RUS,2008,11635.2841796875,67.9492682926829,142742366,6.205,1.04435,4.90364122,16.2117737862837,14.1107677840442,31.3095603335689,Rusia,Europa del Este,142.742366,1660.8479928909628
RUS,2009,8562.82421875,68.6846341463415,142785348,8.301,1.25192,5.64392471,17.9528216294683,11.6473295764118,27.9381012041521,Rusia,Europa del Este,142.785348,1222.645835937047
RUS,2010,10674.990234375,68.8412195121951,142849468,7.407,1.1302,4.97111797,16.4167991291196,6.84939230255025,29.2155607849758,Rusia,Europa del Este,142.849468,1524.916675885664
RUS,2011,14305.33203125,69.6839024390244,143018195,6.571,1.01545,4.79491472,16.083166392514,8.4404648593257,28.0553614798549,Rusia,Europa del Este,143.018195,2045.9227659850585
RUS,2012,15401.8515625,70.0721951219512,143378447,5.484,1.02766,4.93637276,15.7505281423771,5.07474300799149,26.9073203393663,Rusia,Europa del Este,143.378447,2208.2935579557734
RUS,2013,15941.4482421875,70.5787804878049,143805638,5.513,1.02732,5.08104849,17.4044757207117,6.75466833903486,25.845336826255,Rusia,Europa del Este,143.805638,2292.470135111752
RUS,2014,14055.47265625,70.7436585365854,144237223,5.212,1.07241,5.1820941,16.8125392898186,7.82016970013845,27.1110970517525,Rusia,Europa del Este,144.237223,2027.3223438899336
RUS,2015,9277.7138671875,71.1834146341463,144640716,5.615,1.10085,5.29604626,16.0860086328994,15.5343959935701,28.703389442924,Rusia,Europa del Este,144.640716,1341.935176593129
RUS,2016,8663.158203125,71.6512195121951,145015460,5.591,1.10238,5.28970337,17.267672068878,7.04243725413707,25.8544829769167,Rusia,Europa del Este,145.01546,1256.2918718789454
RUS,2017,10658.9130859375,72.4514634146342,145293260,5.238,1.10967,5.35890055,17.2774388460807,3.68333072334495,26.0908809797568,Rusia,Europa del Este,145.29326,1548.6682303125194
RUS,2018,11211.8876953125,72.6621951219512,145398106,4.871,0.99001,5.35520792,17.5128908530499,2.87831382614981,30.7932568020743,Rusia,Europa del Este,145.398106,1630.1872355831426
RUS,2019,11447.701171875,73.0839024390244,145453291,4.513,1.03531,5.64849091,17.7904389866357,4.47202631837903,28.4334306799759,Rusia,Europa del Este,145.453291,1665.1058098337753
RUS,2020,10108.3271484375,71.3387804878049,145245148,5.62,1.09099,8.04076004,20.0765885357637,3.38219796948068,25.5221855113549,Rusia,Europa del Este,145.245148,1468.1854727072227
RUS,2021,12425.029296875,69.900243902439,144746762,4.749,0.96602,7.0299139,19.1544751840582,6.69445891957612,30.0024195364041,Rusia,Europa del Este,144.746762,1798.482758477793
RUS,2022,15625.6328125,72.5456097560976,144236933,3.867,0.91494,6.8788662,19.1544751840582,13.7436797398232,27.7096266135186,Rusia,Europa del Este,144.236933,2253.793353059164
RUS,2023,13986.9951171875,73.2546341463415,143826130,3.076,0.93518,7.04438496,19.1544751840582,5.86571931748967,22.7699393140297,Rusia,Europa del Este,143.82613,2011.6953780339745
RUS,2024,14961.8974609375,73.4404878048781,143669648,2.43,0.93706,7.04438496,19.1544751840582,8.43486410496723,21.8563659146375,Rusia,Europa del Este,143.669648,2149.5705416249843
SRB,2000,974.725469278615,71.5829268292683,7516346,12.6,0.80171,5.80770588,31.8294177417865,71.1206287946541,8.24293342149675,Serbia,Europa del Este,7.516346,7.326373882110441
SRB,2001,1812.42088281393,72.2341463414634,7503433,12.8,0.28973,6.19155836,31.896492703141,95.0052258100006,19.7188478657102,Serbia,Europa del Este,7.503433,13.599378661995175
SRB,2002,2390.73459447107,72.2853658536585,7500031,13.8,0.6108,7.24950886,30.9476241260813,19.4908321579689,19.1900123590639,Serbia,Europa del Este,7.500031,17.930583571305455
SRB,2003,3153.9011312754,72.4365853658537,7480591,15.2,0.46825,7.30602598,26.3276643663558,9.87617889729578,22.0592973034522,Serbia,Europa del Este,7.480591,23.593044417508576
SRB,2004,3597.08798057009,72.6829268292683,7463157,18.5,0.28194,7.63644934,29.5096322241681,11.0263627183464,24.480209605703,Serbia,Europa del Este,7.463157,26.845632341807534
SRB,2005,3807.97417321786,72.8341463414634,7440769,20.85,0.38621,8.09346867,32.9900202884246,16.1199806482826,27.6041047547358,Serbia,Europa del Este,7.440769,28.334256180880082
SRB,2006,4492.7136699046,73.3853658536585,7411569,20.85,0.42907,8.28575706,30.0596474877333,11.7240229980834,28.9667655966051,Serbia,Europa del Este,7.411569,33.29805736174116
SRB,2007,6081.08765700202,73.6317073170732,7381579,18.06,0.55664,9.01782608,27.4639124487004,6.39170644391413,26.2493566735817,Serbia,Europa del Este,7.381579,44.88802894608531
SRB,2008,7376.73517910716,73.8853658536585,7350222,13.67,0.64463,9.12807178,27.0539116010274,12.410986775178,27.3844107292074,Serbia,Europa del Este,7.350222,54.22064120164738
SRB,2009,6414.0448463847,73.9853658536585,7320807,16.116,0.78609,8.98933506,29.0889306403632,8.11695092238082,25.3445735712978,Serbia,Europa del Este,7.320807,46.95598440972704
SRB,2010,5970.92660940072,74.3365853658537,7291436,19.204,0.67458,9.15153027,33.0021520615175,6.14255360247248,30.9882261641014,Serbia,Europa del Este,7.291436,43.53662923314235
SRB,2011,7082.2861666075,74.5365853658537,7236519,22.959,0.65677,8.75940418,23.9591191709845,11.1373976342129,31.7235768364519,Serbia,Europa del Este,7.236519,51.25109840809234
SRB,2012,6263.04086072815,74.8365853658537,7201497,24.0,0.81922,8.95716667,26.9799179325525,7.33038589596646,34.424574209399,Serbia,Europa del Este,7.201497,45.10326996941119
SRB,2013,7040.41812068781,75.1853658536585,7166553,22.154,0.65574,8.93188286,27.302755974622,7.69426362896655,38.2272721623621,Serbia,Europa del Este,7.166553,50.45552960406959
SRB,2014,6886.67809068704,75.3365853658537,7131787,19.223,0.69287,8.85966778,34.2239870816207,2.08244793880154,40.3231673794274,Serbia,Europa del Este,7.131787,49.11432128034665
SRB,2015,5820.3215576888,75.2878048780488,7095383,17.66,0.77867,8.46289921,28.2772468536216,1.39235822000187,43.3851219752155,Serbia,Europa del Este,7.095383,41.297410634958624
SRB,2016,5982.37030126471,75.6878048780488,7058322,15.257,0.80779,8.15184307,29.4910782369986,1.12231397417769,46.4536704388373,Serbia,Europa del Este,7.058322,42.22549590956333
SRB,2017,6548.03653824187,75.5390243902439,7020858,13.477,0.83834,7.89965153,26.7277365366446,3.13106248590115,48.1324550415002,Serbia,Europa del Este,7.020858,45.97283471380774
SRB,2018,7559.86165747394,75.890243902439,6982604,12.733,0.88154,8.18469906,31.1912358049432,1.95984076293801,48.6702102411693,Serbia,Europa del Este,6.982604,52.78752024892417
SRB,2019,7755.632986437,75.9365853658537,6945235,10.395,0.84798,8.28762531,29.9532978723404,1.84922984511086,48.9609956559925,Serbia,Europa del Este,6.945235,53.864693664556775
SRB,2020,8098.70955668849,74.4780487804878,6899126,9.011,0.86478,8.30643559,28.8540678680578,1.57553290083415,46.1050875935238,Serbia,Europa del Este,6.899126,55.87401766899803
SRB,2021,9680.52798074468,72.780487804878,6834326,9.843,0.94784,9.23441029,34.9821890937623,4.08510285335102,52.3404005216526,Serbia,Europa del Este,6.834326,66.15988407253087
SRB,2022,10024.8191112596,75.2365853658537,6664449,8.439,0.91938,8.58397198,34.9821890937623,11.9815117344703,60.7381674989747,Serbia,Europa del Este,6.664449,66.80989570121493
SRB,2023,12281.707946167,76.1414634146341,6623183,8.268,0.87816,8.03133774,34.9821890937623,12.3719043552519,55.0746098125196,Serbia,Europa del Este,6.623183,81.3439992800182
SRB,2024,13677.7794863909,75.9682926829268,6586476,7.24,0.93978,8.03133774,34.9821890937623,4.6705297488997,53.5837667090226,Serbia,Europa del Este,6.586476,90.088366320406
SVK,2000,3827.72506501314,73.0512195121951,5388720,18.546,0.63865,5.30743933,15.96700686822,12.0357805974299,53.305266831721,Eslovaquia,Europa del Este,5.38872,20.626538612337608
SVK,2001,3974.36802854653,73.4024390243903,5378867,19.148,0.62571,5.34054947,16.4482306684142,7.32962019115532,57.2605092112671,Eslovaquia,Europa del Este,5.378867,21.377597034603987
SVK,2002,4606.38793538107,73.6048780487805,5376912,18.541,0.564,5.51793909,17.377494063589,3.12714222984609,57.0983859090013,Eslovaquia,Europa del Este,5.376912,24.7681425664057
SVK,2003,6283.15169311309,73.6048780487805,5373374,17.549,0.56511,5.48400879,12.1014818140997,8.55414305406653,62.7757965063135,Eslovaquia,Europa del Este,5.373374,33.76172394582986
SVK,2004,7996.74076556872,73.9585365853659,5372280,18.206,0.50263,6.39662457,13.8482677397193,7.54850088183423,69.3444966416003,Eslovaquia,Europa del Este,5.37228,42.96073048004952
SVK,2005,9087.20357002472,73.9048780487805,5372807,16.276,0.49537,6.61619043,15.1931330472103,2.70908494588383,72.6301406940614,Eslovaquia,Europa del Este,5.372807,48.8237909514538
SVK,2006,10629.1782325838,74.2048780487805,5373054,13.395,0.47498,6.8522706,15.8189572856324,4.48333120449615,81.2803496633307,Eslovaquia,Europa del Este,5.373054,57.11114861929732
SVK,2007,14330.2064943926,74.2073170731707,5374622,11.16,0.44734,7.17538357,18.1708012546336,2.75672371638135,83.3772425819148,Eslovaquia,Europa del Este,5.374622,77.01944308930534
SVK,2008,17973.8436435514,74.7048780487805,5379233,9.514,0.4616,6.95978355,16.4537324770389,4.59817976325028,80.2044674152301,Eslovaquia,Europa del Este,5.379233,96.68549286423193
SVK,2009,16586.7527805228,74.909756097561,5386406,12.023,0.47302,7.95280409,19.6771554196138,1.61510464058236,68.0960564898296,Eslovaquia,Europa del Este,5.386406,89.34298469752468
SVK,2010,16899.448680529,75.1121951219512,5391428,14.387,0.60583,7.67065239,22.7365209275612,0.957018132975174,77.0810820862371,Eslovaquia,Europa del Este,5.391428,91.1121608007671
SVK,2011,18469.4354316836,75.9585365853659,5398384,13.634,0.65398,7.31452227,18.7297250139587,3.91928599146291,84.6330521239054,Eslovaquia,Europa del Este,5.398384,99.70510472343383
SVK,2012,17516.9691054078,76.109756097561,5407579,13.966,0.79377,7.52780581,20.2693273792911,3.6061026352289,90.908862673381,Eslovaquia,Europa del Este,5.407579,94.724394278052
SVK,2013,18312.7805149823,76.4121951219512,5413393,14.226,0.8184,7.48013163,23.1374861265261,1.40047368963025,92.8790222418488,Eslovaquia,Europa del Este,5.413393,99.13427785034159
SVK,2014,18770.9289896545,76.8121951219512,5418649,11.536,0.87462,6.86543369,23.6560709463158,-0.0761653295419871,90.4400089861459,Eslovaquia,Europa del Este,5.418649,101.71307559886237
SVK,2015,16442.0760860018,76.5634146341463,5423801,11.492,1.15366,6.74109745,23.4583503698472,-0.325219777427765,90.6938496191421,Eslovaquia,Europa del Este,5.423801,89.17854871733266
SVK,2016,16636.0769133073,77.1658536585366,5430798,9.679,0.78513,7.06081343,25.406443984629,-0.520010196278358,92.3116870095116,Eslovaquia,Europa del Este,5.430798,90.34717322863547
SVK,2017,17645.5298716761,77.1658536585366,5439232,8.142,0.88153,6.73388767,24.6268656716418,1.31194588223247,93.9524168738907,Eslovaquia,Europa del Este,5.439232,95.97813073497653
SVK,2018,19573.3717031314,77.2658536585366,5446771,6.544,0.83184,6.63677502,22.5983463720292,2.51403712883803,94.9268326476368,Eslovaquia,Europa del Este,5.446771,106.61167336483673
SVK,2019,19406.0589683582,77.6658536585366,5454147,5.761,0.82138,6.91102982,24.1225293662517,2.6645613342544,91.8440865121276,Eslovaquia,Europa del Este,5.454147,105.84349830409398
SVK,2020,19735.4858280801,76.8658536585366,5458827,6.719,0.88944,7.06027794,24.7555308967335,1.93694126694223,84.2983434485345,Eslovaquia,Europa del Este,5.458827,107.73260289644102
SVK,2021,22123.3342114545,74.6146341463415,5447247,6.894,0.90093,7.62857914,23.5607675906183,3.1496062992126,90.7618617591412,Eslovaquia,Europa del Este,5.447247,120.5112659133429
SVK,2022,21317.7943982363,76.9658536585366,5431752,6.143,0.97686,7.70245218,23.5607675906183,12.7741463637611,99.0674933921507,Eslovaquia,Europa del Este,5.431752,115.79297235820881
SVK,2023,24614.8734642794,78.119512195122,5426740,5.843,1.03359,7.35262203,23.5607675906183,10.5319476645211,91.4935561325084,Eslovaquia,Europa del Este,5.42674,133.57851842354358
SVK,2024,25992.6748502048,78.3707317073171,5422069,5.3,1.03359,7.35262203,23.5607675906183,2.75760909424279,85.4834989561279,Eslovaquia,Europa del Este,5.422069,140.9340765323751
SVN,2000,10135.7219109212,75.4121951219512,1988925,6.918,1.36862,7.85456371,28.6605989430417,8.91174418658757,50.4595684798996,Eslovenia,Europa del Este,1.988925,20.15919070167895
SVN,2001,10375.6255869861,75.7585365853659,1992060,5.682,1.4824,7.95505714,26.7367620627679,8.37966587492208,52.2659847153184,Eslovenia,Europa del Este,1.99206,20.66886870681153
SVN,2002,11639.1297780477,76.0073170731707,1994530,5.922,1.46036,8.11632538,23.3906014522537,7.48077770703761,52.9416529201899,Eslovenia,Europa del Este,1.99453,23.21459351620948
SVN,2003,14711.674874253,76.8585365853659,1995733,6.479,1.25957,8.17447376,22.2814037626628,5.54416421752897,51.4798131882271,Eslovenia,Europa del Este,1.995733,29.36057503181756
SVN,2004,17103.8297783905,77.2073170731707,1997012,6.012,1.38062,7.99959517,27.6021871521184,3.5929759424951,55.4710149538959,Eslovenia,Europa del Este,1.997012,34.156553313403165
SVN,2005,17969.7095907161,77.6121951219512,2000474,6.506,1.42797,8.0534668,23.648938281405,2.45150132316477,60.2413029718392,Eslovenia,Europa del Este,2.000474,35.9479368237782
SVN,2006,19563.005059144,78.0865853658537,2006868,5.95,1.54569,7.8671999,24.499239166391,2.45792444195863,65.2348404381098,Eslovenia,Europa del Este,2.006868,39.2603688370342
SVN,2007,23725.1596001515,78.5609756097561,2018122,4.818,1.43261,7.54076052,22.4650003323805,3.657495632841,68.1644475188117,Eslovenia,Europa del Este,2.018122,47.88026654257694
SVN,2008,27461.9764165315,78.7658536585366,2021316,4.371,1.63465,7.89287567,26.2674553326422,5.64742380573939,66.6359175894349,Eslovenia,Europa del Este,2.021316,55.50933232235778
SVN,2009,24501.7897290425,78.9707317073171,2039669,5.858,1.83331,8.6420126,29.9125769676279,0.839262246793805,57.962823638698,Eslovenia,Europa del Este,2.039669,49.97554095484638
SVN,2010,23329.8417691156,79.4219512195122,2048583,7.236,2.06914,8.63941956,30.0110705596107,1.80117022137138,64.8408281230436,Eslovenia,Europa del Este,2.048583,47.79311724090014
SVN,2011,24940.6284841605,79.9707317073171,2052843,8.166,2.4311,8.60054302,25.0618344853353,1.8028517194191,70.7829460940809,Eslovenia,Europa del Este,2.052843,51.19919459930949
SVN,2012,22442.1417859955,80.1243902439024,2057159,8.841,2.58339,8.79263687,28.7010230666582,2.59741386039003,73.5453480307472,Eslovenia,Europa del Este,2.057159,46.167053954336716
SVN,2013,23236.9655321695,80.3219512195122,2059953,10.103,2.59426,8.84043884,33.5633732844812,1.76920085881897,74.9589463655648,Eslovenia,Europa del Este,2.059953,47.86705685888915
SVN,2014,24013.0682060959,81.0780487804878,2061980,9.668,2.38854,8.58487225,39.485232551471,0.199343826570844,76.6524478122161,Eslovenia,Europa del Este,2.06198,49.51446637960563
SVN,2015,20697.2748530619,80.7756097560976,2063531,8.962,2.21611,8.57742882,30.7114569536424,-0.525552285820783,77.6641701406595,Eslovenia,Europa del Este,2.063531,42.70946827481367
SVN,2016,21447.8377796036,81.1756097560976,2065042,8.0,2.02922,8.5691185,32.3426060606061,-0.0549995416705683,78.4365866675597,Eslovenia,Europa del Este,2.065042,44.29068582406818
SVN,2017,23303.077705959,81.0292682926829,2066388,6.564,1.88219,8.2588892,28.9135734411368,1.42910743319306,83.8819801621931,Eslovenia,Europa del Este,2.066388,48.15320013466121
SVN,2018,25888.0481065655,81.3780487804878,2073894,5.108,1.96365,8.35228634,33.2073992404753,1.7386086198818,85.5686370516669,Eslovenia,Europa del Este,2.073894,53.689067639917546
SVN,2019,25814.1687167572,81.5292682926829,2088385,4.446,2.05725,8.56564522,32.5658115410895,1.63052260754335,84.3570583498527,Eslovenia,Europa del Este,2.088385,53.90992273554499
SVN,2020,25392.0651093612,80.5317073170732,2102419,4.971,2.15559,9.48984432,34.1665503199535,-0.05485681576061,78.2717999916943,Eslovenia,Europa del Este,2.102419,53.38476013515807
SVN,2021,29192.8401933019,80.6756097560976,2108079,4.744,2.13847,9.52724361,36.1126858150668,1.91706506089269,83.6999417881902,Eslovenia,Europa del Este,2.108079,61.54081336185568
SVN,2022,28360.3041467268,81.2829268292683,2112076,4.011,2.1,9.62683296,36.1126858150668,8.83369886749452,94.3162594247263,Eslovenia,Europa del Este,2.112076,59.89911774100216
SVN,2023,32660.4753581346,81.9292682926829,2120461,3.652,2.13385,9.30008888,36.1126858150668,7.44687717385846,83.4382737313632,Eslovenia,Europa del Este,2.120461,69.25526423838545
SVN,2024,34301.0318686594,82.2853658536585,2127400,3.7,2.13385,9.87630939,36.1126858150668,1.96562656432505,80.9173894920357,Eslovenia,Europa del Este,2.1274,72.972015197386
SWE,2000,29632.5890811623,79.6439024390244,8872109,5.466,3.87215,7.32495546,57.2573210524142,0.899143734041715,43.245425579392,Suecia,Europa del Norte,8.872109,262.9035602802818
SWE,2001,27259.3174300217,79.7951219512195,8895960,4.73,3.87215,7.89248943,51.5679167414319,2.40595834145436,42.8995075024433,Suecia,Europa del Norte,8.89596,242.49779748477584
SWE,2002,29957.7776664916,79.8463414634146,8924958,4.965,3.87215,8.18597412,48.5089924012676,2.15848213589266,41.1616688311214,Suecia,Europa del Norte,8.924958,267.37190744677554
SWE,2003,37292.2419727801,80.0951219512195,8958229,5.555,3.5823,8.31654263,43.4067647688593,1.92565534892383,40.3360837488571,Suecia,Europa del Norte,8.958229,334.0724435155759
SWE,2004,42758.0048564929,80.4975609756098,8993531,6.693,3.36628,8.1428194,44.9731181378429,0.373659828721824,42.7189306670309,Suecia,Europa del Norte,8.993531,384.54544217501945
SWE,2005,43378.4077394363,80.5463414634146,9029572,7.81,3.3641,8.15987301,51.3158456149209,0.453170852576138,45.3316169745966,Suecia,Europa del Norte,9.029572,391.6884559285973
SWE,2006,46531.3762240485,80.7487804878049,9080505,7.066,3.47963,8.0421772,49.6463574496569,1.36021468627693,47.5983472649069,Suecia,Europa del Norte,9.080505,422.52839445935354
SWE,2007,53568.3057787832,80.9,9148092,6.161,3.24176,7.9882226,52.0588361692698,2.21216883436733,47.7240209109834,Suecia,Europa del Norte,9.148092,490.0477895484404
SWE,2008,55817.1759726485,81.1,9219637,6.235,3.49083,8.22603607,54.3532305149362,3.43704910602875,49.0140992896845,Suecia,Europa del Norte,9.219637,514.6141008329411
SWE,2009,46707.6425044751,81.3512195121951,9298515,8.351,3.41266,8.77742958,58.4595604636706,-0.494460544378051,43.4591254566978,Suecia,Europa del Norte,9.298515,434.3117144424993
SWE,2010,52542.5759090299,81.4512195121951,9378126,8.61,3.18756,8.32384682,55.3279007458869,1.15798802715626,44.8770299089346,Suecia,Europa del Norte,9.378126,492.75089723944694
SWE,2011,60379.4814599322,81.8024390243903,9449213,7.804,3.20686,10.50179005,55.9888966457232,2.9611507382214,45.4141189699788,Suecia,Europa del Norte,9.449213,570.5385811444503
SWE,2012,57749.5615420853,81.7048780487805,9519374,7.976,3.24636,10.834198,59.0985284670481,0.888377506923735,44.8335680407679,Suecia,Europa del Norte,9.519374,549.7396746551267
SWE,2013,60843.9888799369,81.9560975609756,9600379,8.052,3.27557,10.9872179,54.0739916169385,-0.044292970148682,42.736274814874,Suecia,Europa del Norte,9.600379,584.1253531191796
SWE,2014,59583.4584491714,82.2536585365854,9696110,7.954,3.12457,11.07212639,55.8687061947248,-0.179638494114635,43.4587323957165,Suecia,Europa del Norte,9.69611,577.7277673035953
SWE,2015,51188.1652120493,82.2048780487805,9799186,7.432,3.24088,10.93069172,63.3042896269246,-0.0467847449832812,43.7114624281719,Suecia,Europa del Norte,9.799186,501.6023519116005
SWE,2016,51703.5088332851,82.3073170731707,9923085,6.99,3.25643,10.95692444,57.205089417345,0.984269244577992,42.9375471367813,Suecia,Europa del Norte,9.923085,513.0583129509389
SWE,2017,53210.2233318965,82.409756097561,10057698,6.718,3.39374,10.94730949,57.8892541856925,1.79449904665599,43.9177471861903,Suecia,Europa del Norte,10.057698,535.1723567847688
SWE,2018,54018.4554391861,82.5585365853659,10175214,6.365,3.34602,11.09132671,55.8097307221542,1.95353530127028,45.9408514773526,Suecia,Europa del Norte,10.175214,549.6493440431825
SWE,2019,51648.9892820514,83.109756097561,10278887,6.833,3.39847,10.93444347,58.7482708873836,1.78415097403835,48.2886583812982,Suecia,Europa del Norte,10.278887,530.8941244944175
SWE,2020,52568.5726980146,82.3560975609756,10353442,8.291,3.50181,11.42458725,68.4807090146674,0.497367318853572,44.2873771533388,Suecia,Europa del Norte,10.353442,544.2656684516777
SWE,2021,60647.5416365347,83.0560975609756,10415811,8.803,3.41565,11.23013592,67.3919370423404,2.16319736447143,47.4842370278491,Suecia,Europa del Norte,10.415811,631.6933313007761
SWE,2022,54836.8907235124,83.0585365853659,10486941,7.417,3.47239,10.85505676,67.3919370423404,8.36929098869189,54.3120633586152,Suecia,Europa del Norte,10.486941,575.0712376409218
SWE,2023,54950.2834725622,83.309756097561,10536632,7.611,3.59978,11.152915,67.3919370423404,8.5486248974891,55.1958779701806,Suecia,Europa del Norte,10.536632,578.99091524607
SWE,2024,57222.7100565003,84.0634146341463,10569709,8.4,3.59978,11.21510124,67.3919370423404,2.83581658224034,54.4971396815443,Suecia,Europa del Norte,10.569709,604.8273934885817
UKR,2000,653.294311523438,67.786,49556660,11.707,0.92904,5.30685186,6.68202630581236,28.2030972388552,60.2970566860465,Ucrania,Europa del Este,49.55666,32.375084076101096
UKR,2001,800.49072265625,67.675,49106855,11.061,0.98944,5.72534418,7.06299285433481,11.9588085390459,50.6489878063218,Ucrania,Europa del Este,49.106855,39.309581846325685
UKR,2002,903.011901855469,67.699,48677281,10.136,0.96269,5.99220037,5.64713872932184,0.75742084639286,50.1187333965439,Ucrania,Europa del Este,48.677281,43.95616409296308
UKR,2003,1076.48156738281,67.638,48315136,9.057,1.07166,6.54574108,5.22344200487913,5.17967781908315,52.5431306448415,Ucrania,Europa del Este,48.315136,52.01035332959363
UKR,2004,1401.01806640625,67.472,47979507,8.59,1.04392,6.16856956,6.54406719183158,9.04806786050888,58.6968317186137,Ucrania,Europa del Este,47.979507,67.22015612426513
UKR,2005,1875.33508300781,67.517,47585556,7.18,0.99518,6.3461585,6.74096369353148,13.5695764909248,47.7297326846335,Ucrania,Europa del Este,47.585556,89.23886261123279
UKR,2006,2366.494140625,67.49,47278694,6.81,0.91403,6.4171896,6.75774765876689,9.05252491133248,43.2186231235111,Ucrania,Europa del Este,47.278694,111.88475232740234
UKR,2007,3160.32763671875,67.715,47062798,6.351,0.81869,6.01776791,5.39324640383998,12.8387796190181,41.2899111443658,Ucrania,Europa del Este,47.062798,148.73386118071193
UKR,2008,4017.806640625,68.262,46819175,6.363,0.80991,5.49754429,6.13814088251482,25.226461707384,43.2598688559666,Ucrania,Europa del Este,46.819175,188.11039222358397
UKR,2009,2607.08764648438,69.159,46623731,8.84,0.82596,6.60991716,6.97947805251729,15.8811924594476,42.9288246983766,Ucrania,Europa del Este,46.623731,121.55215312311083
UKR,2010,3039.63232421875,70.188,46456003,8.1,0.80278,6.81387615,7.09190374308895,9.37293105078978,46.4565383259637,Ucrania,Europa del Este,46.456003,141.20916837280322
UKR,2011,3656.69799804688,70.711,46307853,7.851,0.7109,6.81669855,5.74486529741264,7.95572466274652,49.4061569340739,Ucrania,Europa del Este,46.307853,169.33383335894922
UKR,2012,3951.34228515625,71.09,46210056,7.529,0.72363,7.11789227,5.90774243506069,0.568727971803862,47.38283156146,Ucrania,Europa del Este,46.210056,182.59174827223828
UKR,2013,4129.89697265625,71.474,46126770,7.17,0.733,6.94358015,8.12174279878792,-0.238948626045407,42.8973826672717,Ucrania,Europa del Este,46.12677,190.49880778141113
UKR,2014,3054.908203125,71.803,45972380,9.27,0.65034,7.19506168,6.4164688378606,12.0718562874251,48.5929618158503,Ucrania,Europa del Este,45.97238,140.44140077917967
UKR,2015,2094.47387695313,72.686,45784896,9.14,0.61477,7.78352833,5.73886560525898,48.6998646434424,52.5976795082231,Ucrania,Europa del Este,45.784896,95.89526863101585
UKR,2016,2158.46118164063,73.389,45616832,9.35,0.48339,7.55205393,7.03753957210478,13.9127101997797,49.2986194577187,Ucrania,Europa del Este,45.616832,98.4621611014221
UKR,2017,2604.28759765625,73.993,45436041,9.5,0.44878,7.44610357,8.80817124363124,14.4383227488749,48.1249163515559,Ucrania,Europa del Este,45.436041,118.32851806290088
UKR,2018,3059.0517578125,73.569,45208907,8.799,0.47113,7.52051353,9.59658518578767,10.9518559353178,45.2352356625927,Ucrania,Europa del Este,45.208907,138.29638642713184
UKR,2019,3619.86157226563,73.92,44957458,8.194,0.43384,7.09389353,9.20016089165115,7.88671745611133,41.2316912560049,Ucrania,Europa del Este,44.957458,162.73977460094602
UKR,2020,3709.76928710938,73.283,44680014,9.475,0.40318,7.56217051,12.7832582021064,2.73249209419427,38.8216462901934,Ucrania,Europa del Este,44.680014,165.7525436848171
UKR,2021,4775.94580078125,71.631,44298640,9.834,0.38478,8.2027483,12.0136593335613,9.36313917695223,40.6883404768688,Ucrania,Europa del Este,44.29864,211.5679036883203
UKR,2022,4199.6708984375,72.658,41048766,9.834,0.32673,8.2027483,12.0136593335613,20.1836366617478,35.4451153382041,Ucrania,Europa del Este,41.048766,172.3913079869707
UKR,2023,5139.59814453125,73.422,37732836,9.834,0.32209,8.2027483,12.0136593335613,12.8490222828559,28.300468273727,Ucrania,Europa del Este,37.732836,193.93161389350195
UKR,2024,5391.62255859375,74.692,37860221,9.834,0.36988,8.2027483,12.0136593335613,6.50198464669254,29.6719973021423,Ucrania,Europa del Este,37.860221,204.12802161694484
XKX,2000,2889.14677086951,71.321,1802493,12.6,0.7221,5.82970953,1.75853905985796,-1.08481262327414,17.190699115417,Kosovo,Europa del Este,1.802493,5.207666830464896
XKX,2001,2889.14677086951,71.782,1820009,12.8,0.62571,6.19155836,1.3903743315508,-1.08481262327414,17.190699115417,Kosovo,Europa del Este,1.820009,5.258273125303446
XKX,2002,2889.14677086951,72.227,1829462,13.8,0.6108,6.14656258,1.39973082099596,-1.08481262327414,17.190699115417,Kosovo,Europa del Este,1.829462,5.285584229728475
XKX,2003,2889.14677086951,72.678,1826434,13.733,0.56511,6.54574108,1.43250688705234,-1.08481262327414,17.190699115417,Kosovo,Europa del Este,1.826434,5.276835893306283
XKX,2004,2889.14677086951,73.132,1822773,12.037,0.54999,6.5067997,2.76825085742283,-1.06472696605525,17.190699115417,Kosovo,Europa del Este,1.822773,5.26625872697813
XKX,2005,2889.14677086951,73.437,1818354,10.083,0.56121,6.84068108,2.51233737101839,-1.38518913159299,17.190699115417,Kosovo,Europa del Este,1.818354,5.253491587397657
XKX,2006,2889.14677086951,73.63,1813079,8.951,0.54899,6.8522706,2.27785295444294,0.621646938601728,17.190699115417,Kosovo,Europa del Este,1.813079,5.23825133818132
XKX,2007,2889.14677086951,74.422,1807094,7.41,0.56103,6.57065344,1.94415718717684,4.35849695328369,17.190699115417,Kosovo,Europa del Este,1.807094,5.2209597947576665
XKX,2008,2889.14677086951,74.711,1800858,7.069,0.64463,6.55317593,1.47229755908563,9.35041764658178,17.190699115417,Kosovo,Europa del Este,1.800858,5.202943075494524
XKX,2009,2805.94692985371,74.79,1794681,8.84,0.65932,7.2366724,2.41157556270096,-2.41026401661229,19.2277619271441,Kosovo,Europa del Este,1.794681,5.035779642016786
XKX,2010,2987.54523493128,74.609,1788743,10.279,0.67458,7.46420383,3.03792569659443,3.48050763735842,21.6691681199904,Kosovo,Europa del Este,1.788743,5.3439506261666825
XKX,2011,3538.94809762524,75.323,1791949,11.029,0.65677,7.31452227,1.80850935456678,7.3364177131527,24.9520402537016,Kosovo,Europa del Este,1.791949,6.34161450459145
XKX,2012,3410.65497983011,75.75,1807126,11.003,0.72363,7.52780581,1.60839231444928,2.47673782156533,24.5219681010507,Kosovo,Europa del Este,1.807126,6.1634832910804676
XKX,2013,3704.55812411167,76.336,1818119,10.293,0.65574,7.14167452,2.19606761374956,1.76732428354892,23.0038577636014,Kosovo,Europa del Este,1.818119,6.735327512051786
XKX,2014,3902.49322261901,76.179,1812788,9.668,0.69287,7.04192352,2.7843947339861,0.428957808324092,23.5268854358467,Kosovo,Europa del Este,1.812788,7.07439288404507
XKX,2015,3520.62685324451,76.024,1788274,9.14,0.77867,6.8501935,2.29242655998745,-0.536929392740659,22.4513928552736,Kosovo,Europa del Este,1.788274,6.2958454653589735
XKX,2016,3759.44777525332,76.748,1777568,8.0,0.77009,7.06081343,4.10448197863081,0.273169431045468,23.8274047992876,Kosovo,Europa del Este,1.777568,6.682674062961493
XKX,2017,4009.32022064732,77.105,1791019,6.564,0.74037,6.73388767,3.0451054770333,1.48823430592319,27.328844878341,Kosovo,Europa del Este,1.791019,7.180768692263543
XKX,2018,4384.18796440547,77.117,1797086,5.211,0.75505,6.70760345,5.14657154449554,1.05379773654991,29.0534647196644,Kosovo,Europa del Este,1.797086,7.878762812201567
XKX,2019,4415.6992744623,77.249,1788891,4.513,0.82138,6.91102982,4.94623418872595,2.67599202639893,29.3126074591152,Kosovo,Europa del Este,1.788891,7.899204690792139
XKX,2020,4320.58382547288,74.212,1790151,5.62,0.84549,7.68352938,5.41761159603413,0.198227922994854,21.6951468795715,Kosovo,Europa del Este,1.790151,7.7344974557541
XKX,2021,5269.69946181439,74.981,1786079,5.59,0.76933,8.08265686,6.37447655640132,3.35369139207997,33.4091827278011,Kosovo,Europa del Este,1.786079,9.412099545057984
XKX,2022,5298.1473871027,77.623,1768096,5.614,0.75174,7.53646231,6.37447655640132,11.5805104542012,38.6256570148792,Kosovo,Europa del Este,1.768096,9.367633202546736
XKX,2023,6220.33213919344,78.033,1682668,5.589,0.79224,7.35262203,6.37447655640132,4.94432438791283,39.64047566608,Kosovo,Europa del Este,1.682668,10.466753839992347
XKX,2024,7026.6988128325,78.222,1594353,5.0,0.79224,7.42730284,6.37447655640132,1.61944994559476,41.7483529574305,Kosovo,Europa del Este,1.594353,11.203038332335936
